Invoice_ID,Date,Customer_ID,Product_Category,Product_Name,Quantity_Sold,Price_per_Unit,Total_Sale_Amount,Location,Sales_Channel
INV1000,2023-03-01 00:00:00.000000000,CUST720,Sweets,Gujiya,7,142.66,998.62,Jaipur,Offline
INV1001,2023-03-01 17:33:41.621621621,CUST306,Sweets,Ladoo,15,325.56,4883.4,Jaipur,Offline
INV1002,2023-03-02 11:07:23.243243243,CUST520,Water Guns,Large Pichkari,11,210.28,2313.08,Lucknow,Online
INV1003,2023-03-03 04:41:04.864864864,CUST438,Water Guns,Fancy Pichkari,8,22.44,179.52,Jaipur,Offline
INV1004,2023-03-03 22:14:46.486486486,CUST780,Water Guns,Small Pichkari,7,86.51,605.57,Jaipur,Offline
INV1005,2023-03-04 15:48:28.108108108,CUST754,Sweets,Ladoo,19,360.83,6855.77,Jaipur,Online
INV1006,2023-03-05 09:22:09.729729729,CUST756,Accessories,Water Balloons,11,332.87,3661.57,Delhi,Online
INV1007,2023-03-06 02:55:51.351351351,CUST190,Colors,Gulal Yellow,11,23.28,256.08,Delhi,Offline
INV1008,2023-03-06 20:29:32.972972973,CUST618,Sweets,Ladoo,4,118.77,475.08,Lucknow,Offline
INV1009,2023-03-07 14:03:14.594594594,CUST654,Sweets,Ladoo,8,123.23,985.84,Mumbai,Offline
INV1010,2023-03-08 07:36:56.216216216,CUST526,Water Guns,Large Pichkari,3,339.23,1017.69,Delhi,Offline
INV1011,2023-03-09 01:10:37.837837837,CUST626,Colors,Herbal Colors,2,19.66,39.32,Lucknow,Online
INV1012,2023-03-09 18:44:19.459459459,CUST289,Water Guns,Large Pichkari,12,61.01,732.12,Chennai,Online
INV1013,2023-03-10 12:18:01.081081081,CUST235,Sweets,Gujiya,6,401.96,2411.76,Mumbai,Online
INV1014,2023-03-11 05:51:42.702702702,CUST342,Colors,Gulal Red,2,97.49,194.98,Delhi,Online
INV1015,2023-03-11 23:25:24.324324324,CUST817,Colors,Gulal Red,1,329.85,329.85,Chennai,Online
INV1016,2023-03-12 16:59:05.945945946,CUST452,Sweets,Ladoo,12,126.71,1520.52,Jaipur,Online
INV1017,2023-03-13 10:32:47.567567567,CUST935,Accessories,Holi Cap,12,58.73,704.76,Kolkata,Online
INV1018,2023-03-14 04:06:29.189189189,CUST954,Accessories,Holi Cap,17,129.15,2195.55,Delhi,Offline
INV1019,2023-03-14 21:40:10.810810811,CUST187,Water Guns,Small Pichkari,10,363.91,3639.1,Chennai,Online
INV1020,2023-03-15 15:13:52.432432432,CUST382,Water Guns,Fancy Pichkari,16,429.29,6868.64,Jaipur,Offline
INV1021,2023-03-16 08:47:34.054054054,CUST448,Accessories,Color Spray,15,416.81,6252.15,Mumbai,Offline
INV1022,2023-03-17 02:21:15.675675675,CUST520,Water Guns,Small Pichkari,15,204.62,3069.3,Lucknow,Online
INV1023,2023-03-17 19:54:57.297297297,CUST476,Colors,Gulal Green,19,337.36,6409.84,Delhi,Online
INV1024,2023-03-18 13:28:38.918918919,CUST604,Water Guns,Fancy Pichkari,12,110.44,1325.28,Delhi,Offline
INV1025,2023-03-19 07:02:20.540540540,CUST383,Sweets,Gujiya,3,153.64,460.92,Chennai,Offline
INV1026,2023-03-20 00:36:02.162162162,CUST385,Water Guns,Small Pichkari,5,449.2,2246.0,Kolkata,Online
INV1027,2023-03-20 18:09:43.783783784,CUST980,Sweets,Thandai,19,16.37,311.03,Kolkata,Online
INV1028,2023-03-21 11:43:25.405405405,CUST166,Accessories,Color Spray,7,51.9,363.3,Kolkata,Offline
INV1029,2023-03-22 05:17:07.027027027,CUST237,Sweets,Ladoo,9,111.86,1006.74,Delhi,Online
INV1030,2023-03-22 22:50:48.648648648,CUST490,Sweets,Ladoo,7,23.0,161.0,Delhi,Offline
INV1031,2023-03-23 16:24:30.270270270,CUST498,Water Guns,Large Pichkari,18,98.9,1780.2,Delhi,Offline
INV1032,2023-03-24 09:58:11.891891892,CUST842,Colors,Herbal Colors,4,295.69,1182.76,Kolkata,Online
INV1033,2023-03-25 03:31:53.513513513,CUST206,Water Guns,Small Pichkari,14,216.5,3031.0,Jaipur,Online
INV1034,2023-03-25 21:05:35.135135135,CUST134,Accessories,Holi Cap,18,447.41,8053.38,Chennai,Online
INV1035,2023-03-26 14:39:16.756756757,CUST397,Water Guns,Small Pichkari,9,410.55,3694.95,Chennai,Online
INV1036,2023-03-27 08:12:58.378378378,CUST835,Sweets,Thandai,2,177.49,354.98,Kolkata,Offline
INV1037,2023-03-28 01:46:40.000000000,CUST271,Colors,Gulal Yellow,15,137.12,2056.8,Lucknow,Offline
INV1038,2023-03-28 19:20:21.621621622,CUST890,Accessories,Holi Cap,7,196.05,1372.35,Lucknow,Offline
INV1039,2023-03-29 12:54:03.243243243,CUST514,Sweets,Ladoo,12,299.24,3590.88,Kolkata,Online
INV1040,2023-03-30 06:27:44.864864865,CUST999,Colors,Gulal Red,8,141.35,1130.8,Lucknow,Online
INV1041,2023-03-31 00:01:26.486486486,CUST900,Accessories,Color Spray,15,315.83,4737.45,Delhi,Online
INV1042,2023-03-31 17:35:08.108108108,CUST983,Colors,Gulal Green,3,210.61,631.83,Kolkata,Online
INV1043,2023-04-01 11:08:49.729729730,CUST972,Water Guns,Large Pichkari,14,280.5,3927.0,Jaipur,Online
INV1044,2023-04-02 04:42:31.351351351,CUST801,Colors,Gulal Yellow,17,223.7,3802.9,Lucknow,Online
INV1045,2023-04-02 22:16:12.972972973,CUST889,Water Guns,Fancy Pichkari,4,154.29,617.16,Jaipur,Online
INV1046,2023-04-03 15:49:54.594594595,CUST115,Colors,Gulal Green,18,474.74,8545.32,Chennai,Offline
INV1047,2023-04-04 09:23:36.216216216,CUST285,Colors,Gulal Yellow,8,384.17,3073.36,Chennai,Offline
INV1048,2023-04-05 02:57:17.837837838,CUST937,Colors,Gulal Red,4,78.66,314.64,Jaipur,Online
INV1049,2023-04-05 20:30:59.459459459,CUST320,Sweets,Ladoo,2,435.55,871.1,Mumbai,Online
INV1050,2023-04-06 14:04:41.081081081,CUST239,Sweets,Gujiya,6,248.84,1493.04,Chennai,Online
INV1051,2023-04-07 07:38:22.702702703,CUST968,Sweets,Gujiya,10,448.33,4483.3,Kolkata,Online
INV1052,2023-04-08 01:12:04.324324324,CUST901,Water Guns,Fancy Pichkari,4,401.93,1607.72,Chennai,Online
INV1053,2023-04-08 18:45:45.945945946,CUST947,Accessories,Color Spray,18,218.35,3930.3,Delhi,Offline
INV1054,2023-04-09 12:19:27.567567568,CUST820,Sweets,Gujiya,12,21.01,252.12,Mumbai,Online
INV1055,2023-04-10 05:53:09.189189189,CUST262,Sweets,Thandai,2,141.65,283.3,Jaipur,Online
INV1056,2023-04-10 23:26:50.810810811,CUST645,Water Guns,Fancy Pichkari,10,275.4,2754.0,Lucknow,Online
INV1057,2023-04-11 17:00:32.432432432,CUST380,Colors,Gulal Yellow,4,320.4,1281.6,Chennai,Offline
INV1058,2023-04-12 10:34:14.054054054,CUST269,Accessories,Holi Cap,14,136.36,1909.04,Jaipur,Online
INV1059,2023-04-13 04:07:55.675675676,CUST119,Accessories,Color Spray,16,78.28,1252.48,Kolkata,Online
INV1060,2023-04-13 21:41:37.297297297,CUST275,Water Guns,Fancy Pichkari,15,419.12,6286.8,Lucknow,Offline
INV1061,2023-04-14 15:15:18.918918919,CUST832,Water Guns,Large Pichkari,8,492.36,3938.88,Jaipur,Offline
INV1062,2023-04-15 08:49:00.540540541,CUST887,Accessories,Color Spray,14,267.59,3746.26,Jaipur,Offline
INV1063,2023-04-16 02:22:42.162162162,CUST698,Colors,Gulal Green,8,94.12,752.96,Mumbai,Online
INV1064,2023-04-16 19:56:23.783783784,CUST723,Colors,Herbal Colors,16,143.43,2294.88,Kolkata,Online
INV1065,2023-04-17 13:30:05.405405405,CUST951,Water Guns,Fancy Pichkari,13,19.01,247.13,Mumbai,Offline
INV1066,2023-04-18 07:03:47.027027027,CUST962,Colors,Gulal Green,18,458.01,8244.18,Mumbai,Offline
INV1067,2023-04-19 00:37:28.648648649,CUST984,Colors,Gulal Yellow,15,67.7,1015.5,Lucknow,Online
INV1068,2023-04-19 18:11:10.270270270,CUST983,Colors,Gulal Yellow,13,292.49,3802.37,Kolkata,Online
INV1069,2023-04-20 11:44:51.891891892,CUST780,Colors,Gulal Red,9,144.29,1298.61,Chennai,Offline
INV1070,2023-04-21 05:18:33.513513514,CUST440,Colors,Gulal Green,15,281.55,4223.25,Mumbai,Online
INV1071,2023-04-21 22:52:15.135135135,CUST900,Water Guns,Small Pichkari,13,329.2,4279.6,Chennai,Offline
INV1072,2023-04-22 16:25:56.756756757,CUST847,Water Guns,Small Pichkari,1,416.57,416.57,Delhi,Offline
INV1073,2023-04-23 09:59:38.378378379,CUST973,Accessories,Water Balloons,7,111.15,778.05,Mumbai,Offline
INV1074,2023-04-24 03:33:20.000000000,CUST190,Water Guns,Fancy Pichkari,9,15.39,138.51,Lucknow,Online
INV1075,2023-04-24 21:07:01.621621622,CUST625,Accessories,Holi Cap,1,77.07,77.07,Jaipur,Offline
INV1076,2023-04-25 14:40:43.243243244,CUST940,Water Guns,Fancy Pichkari,12,451.01,5412.12,Kolkata,Online
INV1077,2023-04-26 08:14:24.864864865,CUST629,Sweets,Thandai,8,438.21,3505.68,Kolkata,Online
INV1078,2023-04-27 01:48:06.486486487,CUST586,Water Guns,Small Pichkari,11,302.73,3330.03,Kolkata,Offline
INV1079,2023-04-27 19:21:48.108108108,CUST740,Accessories,Color Spray,19,304.25,5780.75,Jaipur,Online
INV1080,2023-04-28 12:55:29.729729730,CUST548,Accessories,Color Spray,17,335.87,5709.79,Jaipur,Offline
INV1081,2023-04-29 06:29:11.351351352,CUST536,Colors,Gulal Green,8,95.93,767.44,Lucknow,Online
INV1082,2023-04-30 00:02:52.972972973,CUST358,Water Guns,Fancy Pichkari,3,458.06,1374.18,Mumbai,Offline
INV1083,2023-04-30 17:36:34.594594595,CUST303,Colors,Gulal Green,3,215.2,645.6,Lucknow,Online
INV1084,2023-05-01 11:10:16.216216216,CUST431,Colors,Gulal Green,1,197.74,197.74,Delhi,Online
INV1085,2023-05-02 04:43:57.837837838,CUST822,Accessories,Water Balloons,5,264.27,1321.35,Chennai,Offline
INV1086,2023-05-02 22:17:39.459459460,CUST761,Sweets,Gujiya,10,33.01,330.1,Jaipur,Online
INV1087,2023-05-03 15:51:21.081081081,CUST253,Sweets,Thandai,7,91.48,640.36,Lucknow,Offline
INV1088,2023-05-04 09:25:02.702702703,CUST312,Water Guns,Small Pichkari,9,371.64,3344.76,Delhi,Online
INV1089,2023-05-05 02:58:44.324324325,CUST872,Accessories,Color Spray,7,50.57,353.99,Lucknow,Online
INV1090,2023-05-05 20:32:25.945945946,CUST583,Sweets,Thandai,9,305.54,2749.86,Lucknow,Online
INV1091,2023-05-06 14:06:07.567567568,CUST171,Colors,Gulal Green,8,130.22,1041.76,Delhi,Online
INV1092,2023-05-07 07:39:49.189189190,CUST703,Sweets,Thandai,12,200.75,2409.0,Delhi,Offline
INV1093,2023-05-08 01:13:30.810810811,CUST491,Water Guns,Large Pichkari,2,151.46,302.92,Chennai,Offline
INV1094,2023-05-08 18:47:12.432432433,CUST163,Water Guns,Small Pichkari,1,184.28,184.28,Delhi,Offline
INV1095,2023-05-09 12:20:54.054054054,CUST805,Water Guns,Small Pichkari,16,362.33,5797.28,Kolkata,Offline
INV1096,2023-05-10 05:54:35.675675676,CUST310,Sweets,Gujiya,5,155.59,777.95,Kolkata,Online
INV1097,2023-05-10 23:28:17.297297298,CUST914,Colors,Herbal Colors,3,287.54,862.62,Lucknow,Offline
INV1098,2023-05-11 17:01:58.918918919,CUST933,Colors,Gulal Yellow,12,243.26,2919.12,Lucknow,Online
INV1099,2023-05-12 10:35:40.540540541,CUST792,Sweets,Thandai,8,335.2,2681.6,Jaipur,Offline
INV1100,2023-05-13 04:09:22.162162162,CUST964,Sweets,Ladoo,3,469.05,1407.15,Delhi,Online
INV1101,2023-05-13 21:43:03.783783784,CUST725,Colors,Herbal Colors,1,368.96,368.96,Kolkata,Offline
INV1102,2023-05-14 15:16:45.405405406,CUST950,Accessories,Holi Cap,3,115.32,345.96,Chennai,Offline
INV1103,2023-05-15 08:50:27.027027027,CUST574,Accessories,Color Spray,5,25.28,126.4,Chennai,Online
INV1104,2023-05-16 02:24:08.648648649,CUST340,Sweets,Gujiya,15,138.51,2077.65,Kolkata,Offline
INV1105,2023-05-16 19:57:50.270270271,CUST797,Colors,Gulal Yellow,14,301.59,4222.26,Jaipur,Offline
INV1106,2023-05-17 13:31:31.891891892,CUST670,Accessories,Holi Cap,3,35.2,105.6,Lucknow,Online
INV1107,2023-05-18 07:05:13.513513514,CUST856,Water Guns,Large Pichkari,1,253.22,253.22,Kolkata,Online
INV1108,2023-05-19 00:38:55.135135136,CUST625,Water Guns,Large Pichkari,5,302.45,1512.25,Lucknow,Online
INV1109,2023-05-19 18:12:36.756756757,CUST620,Water Guns,Small Pichkari,14,173.78,2432.92,Mumbai,Offline
INV1110,2023-05-20 11:46:18.378378379,CUST941,Colors,Gulal Yellow,7,387.75,2714.25,Kolkata,Online
INV1111,2023-05-21 05:20:00.000000000,CUST874,Accessories,Water Balloons,9,62.23,560.07,Chennai,Offline
INV1112,2023-05-21 22:53:41.621621622,CUST707,Colors,Gulal Yellow,15,46.82,702.3,Jaipur,Offline
INV1113,2023-05-22 16:27:23.243243244,CUST880,Colors,Herbal Colors,15,366.81,5502.15,Jaipur,Offline
INV1114,2023-05-23 10:01:04.864864865,CUST177,Accessories,Holi Cap,10,252.79,2527.9,Mumbai,Offline
INV1115,2023-05-24 03:34:46.486486487,CUST759,Colors,Gulal Yellow,13,347.32,4515.16,Lucknow,Offline
INV1116,2023-05-24 21:08:28.108108108,CUST841,Water Guns,Small Pichkari,19,223.07,4238.33,Jaipur,Online
INV1117,2023-05-25 14:42:09.729729730,CUST479,Sweets,Ladoo,7,130.74,915.18,Delhi,Offline
INV1118,2023-05-26 08:15:51.351351352,CUST764,Accessories,Water Balloons,17,411.36,6993.12,Chennai,Online
INV1119,2023-05-27 01:49:32.972972973,CUST653,Sweets,Thandai,4,401.71,1606.84,Lucknow,Online
INV1120,2023-05-27 19:23:14.594594595,CUST454,Sweets,Ladoo,5,350.4,1752.0,Kolkata,Online
INV1121,2023-05-28 12:56:56.216216217,CUST159,Colors,Gulal Yellow,7,143.35,1003.45,Mumbai,Offline
INV1122,2023-05-29 06:30:37.837837838,CUST409,Water Guns,Fancy Pichkari,13,299.21,3889.73,Mumbai,Offline
INV1123,2023-05-30 00:04:19.459459460,CUST564,Water Guns,Small Pichkari,15,186.88,2803.2,Chennai,Offline
INV1124,2023-05-30 17:38:01.081081082,CUST612,Colors,Gulal Green,11,54.88,603.68,Delhi,Offline
INV1125,2023-05-31 11:11:42.702702703,CUST642,Sweets,Ladoo,4,459.48,1837.92,Kolkata,Offline
INV1126,2023-06-01 04:45:24.324324325,CUST485,Colors,Gulal Green,13,77.04,1001.52,Mumbai,Online
INV1127,2023-06-01 22:19:05.945945946,CUST617,Accessories,Holi Cap,7,475.62,3329.34,Delhi,Online
INV1128,2023-06-02 15:52:47.567567568,CUST418,Water Guns,Large Pichkari,19,228.54,4342.26,Mumbai,Offline
INV1129,2023-06-03 09:26:29.189189190,CUST187,Water Guns,Fancy Pichkari,2,100.72,201.44,Kolkata,Offline
INV1130,2023-06-04 03:00:10.810810811,CUST300,Water Guns,Fancy Pichkari,10,275.53,2755.3,Kolkata,Offline
INV1131,2023-06-04 20:33:52.432432433,CUST297,Colors,Gulal Yellow,13,437.74,5690.62,Mumbai,Online
INV1132,2023-06-05 14:07:34.054054054,CUST279,Accessories,Water Balloons,6,368.79,2212.74,Chennai,Online
INV1133,2023-06-06 07:41:15.675675676,CUST530,Colors,Gulal Red,12,405.21,4862.52,Mumbai,Online
INV1134,2023-06-07 01:14:57.297297298,CUST449,Colors,Gulal Green,12,332.8,3993.6,Delhi,Online
INV1135,2023-06-07 18:48:38.918918919,CUST557,Water Guns,Fancy Pichkari,11,349.22,3841.42,Jaipur,Online
INV1136,2023-06-08 12:22:20.540540541,CUST310,Accessories,Color Spray,7,426.11,2982.77,Kolkata,Online
INV1137,2023-06-09 05:56:02.162162163,CUST900,Water Guns,Fancy Pichkari,1,132.34,132.34,Delhi,Online
INV1138,2023-06-09 23:29:43.783783784,CUST236,Accessories,Water Balloons,1,249.82,249.82,Mumbai,Online
INV1139,2023-06-10 17:03:25.405405406,CUST400,Sweets,Gujiya,13,118.39,1539.07,Kolkata,Offline
INV1140,2023-06-11 10:37:07.027027028,CUST871,Sweets,Ladoo,9,493.96,4445.64,Jaipur,Online
INV1141,2023-06-12 04:10:48.648648649,CUST150,Water Guns,Fancy Pichkari,3,472.59,1417.77,Delhi,Offline
INV1142,2023-06-12 21:44:30.270270271,CUST876,Sweets,Gujiya,7,29.32,205.24,Jaipur,Offline
INV1143,2023-06-13 15:18:11.891891892,CUST603,Accessories,Holi Cap,6,355.73,2134.38,Chennai,Online
INV1144,2023-06-14 08:51:53.513513514,CUST592,Sweets,Ladoo,8,463.37,3706.96,Delhi,Online
INV1145,2023-06-15 02:25:35.135135136,CUST496,Sweets,Ladoo,9,98.48,886.32,Chennai,Offline
INV1146,2023-06-15 19:59:16.756756758,CUST922,Sweets,Thandai,5,288.29,1441.45,Lucknow,Online
INV1147,2023-06-16 13:32:58.378378378,CUST891,Sweets,Gujiya,1,458.59,458.59,Mumbai,Offline
INV1148,2023-06-17 07:06:40.000000000,CUST808,Colors,Gulal Yellow,19,26.63,505.97,Lucknow,Offline
INV1149,2023-06-18 00:40:21.621621622,CUST150,Accessories,Water Balloons,10,351.74,3517.4,Chennai,Online
INV1150,2023-06-18 18:14:03.243243244,CUST865,Sweets,Ladoo,12,155.7,1868.4,Jaipur,Offline
INV1151,2023-06-19 11:47:44.864864866,CUST810,Sweets,Thandai,15,462.95,6944.25,Jaipur,Online
INV1152,2023-06-20 05:21:26.486486488,CUST600,Water Guns,Fancy Pichkari,9,485.82,4372.38,Kolkata,Online
INV1153,2023-06-20 22:55:08.108108108,CUST960,Accessories,Color Spray,17,472.69,8035.73,Kolkata,Offline
INV1154,2023-06-21 16:28:49.729729730,CUST719,Sweets,Ladoo,17,242.36,4120.12,Lucknow,Offline
INV1155,2023-06-22 10:02:31.351351352,CUST195,Accessories,Holi Cap,12,432.4,5188.8,Delhi,Offline
INV1156,2023-06-23 03:36:12.972972974,CUST784,Water Guns,Fancy Pichkari,7,423.83,2966.81,Lucknow,Online
INV1157,2023-06-23 21:09:54.594594596,CUST783,Accessories,Holi Cap,2,166.36,332.72,Chennai,Online
INV1158,2023-06-24 14:43:36.216216216,CUST589,Accessories,Color Spray,3,416.17,1248.51,Chennai,Online
INV1159,2023-06-25 08:17:17.837837838,CUST931,Water Guns,Fancy Pichkari,17,28.13,478.21,Mumbai,Offline
INV1160,2023-06-26 01:50:59.459459460,CUST341,Water Guns,Fancy Pichkari,5,302.17,1510.85,Lucknow,Online
INV1161,2023-06-26 19:24:41.081081082,CUST826,Sweets,Gujiya,17,122.7,2085.9,Kolkata,Offline
INV1162,2023-06-27 12:58:22.702702704,CUST179,Colors,Herbal Colors,17,69.08,1174.36,Lucknow,Offline
INV1163,2023-06-28 06:32:04.324324324,CUST234,Sweets,Gujiya,17,47.71,811.07,Chennai,Online
INV1164,2023-06-29 00:05:45.945945946,CUST494,Colors,Gulal Red,2,351.18,702.36,Delhi,Online
INV1165,2023-06-29 17:39:27.567567568,CUST366,Sweets,Thandai,2,176.54,353.08,Jaipur,Offline
INV1166,2023-06-30 11:13:09.189189190,CUST631,Sweets,Gujiya,5,365.14,1825.7,Delhi,Online
INV1167,2023-07-01 04:46:50.810810812,CUST884,Water Guns,Small Pichkari,1,42.02,42.02,Kolkata,Offline
INV1168,2023-07-01 22:20:32.432432432,CUST903,Sweets,Ladoo,1,164.49,164.49,Kolkata,Offline
INV1169,2023-07-02 15:54:14.054054054,CUST649,Water Guns,Fancy Pichkari,19,274.35,5212.65,Jaipur,Online
INV1170,2023-07-03 09:27:55.675675676,CUST871,Water Guns,Large Pichkari,2,397.45,794.9,Lucknow,Online
INV1171,2023-07-04 03:01:37.297297298,CUST584,Colors,Gulal Green,12,166.19,1994.28,Delhi,Offline
INV1172,2023-07-04 20:35:18.918918920,CUST421,Accessories,Holi Cap,6,316.69,1900.14,Kolkata,Offline
INV1173,2023-07-05 14:09:00.540540542,CUST865,Water Guns,Small Pichkari,4,444.13,1776.52,Delhi,Online
INV1174,2023-07-06 07:42:42.162162162,CUST400,Water Guns,Small Pichkari,11,311.77,3429.47,Chennai,Online
INV1175,2023-07-07 01:16:23.783783784,CUST551,Colors,Gulal Yellow,17,124.15,2110.55,Kolkata,Offline
INV1176,2023-07-07 18:50:05.405405406,CUST475,Sweets,Thandai,6,21.96,131.76,Mumbai,Online
INV1177,2023-07-08 12:23:47.027027028,CUST801,Accessories,Color Spray,5,436.35,2181.75,Lucknow,Offline
INV1178,2023-07-09 05:57:28.648648650,CUST967,Water Guns,Small Pichkari,2,20.42,40.84,Mumbai,Offline
INV1179,2023-07-09 23:31:10.270270270,CUST193,Sweets,Thandai,6,438.6,2631.6,Jaipur,Online
INV1180,2023-07-10 17:04:51.891891892,CUST188,Accessories,Water Balloons,11,269.18,2960.98,Chennai,Online
INV1181,2023-07-11 10:38:33.513513514,CUST941,Water Guns,Large Pichkari,16,470.14,7522.24,Chennai,Online
INV1182,2023-07-12 04:12:15.135135136,CUST223,Sweets,Ladoo,16,401.4,6422.4,Mumbai,Online
INV1183,2023-07-12 21:45:56.756756758,CUST128,Accessories,Holi Cap,1,498.99,498.99,Chennai,Offline
INV1184,2023-07-13 15:19:38.378378380,CUST175,Colors,Herbal Colors,9,181.85,1636.65,Delhi,Online
INV1185,2023-07-14 08:53:20.000000000,CUST242,Sweets,Ladoo,6,385.92,2315.52,Kolkata,Online
INV1186,2023-07-15 02:27:01.621621622,CUST594,Colors,Gulal Yellow,16,206.95,3311.2,Delhi,Online
INV1187,2023-07-15 20:00:43.243243244,CUST184,Colors,Herbal Colors,3,245.14,735.42,Mumbai,Online
INV1188,2023-07-16 13:34:24.864864866,CUST431,Colors,Gulal Red,4,317.48,1269.92,Jaipur,Offline
INV1189,2023-07-17 07:08:06.486486488,CUST844,Accessories,Color Spray,19,438.1,8323.9,Jaipur,Offline
INV1190,2023-07-18 00:41:48.108108108,CUST224,Water Guns,Fancy Pichkari,3,492.2,1476.6,Jaipur,Offline
INV1191,2023-07-18 18:15:29.729729730,CUST641,Accessories,Color Spray,19,386.45,7342.55,Delhi,Offline
INV1192,2023-07-19 11:49:11.351351352,CUST254,Colors,Gulal Red,7,214.71,1502.97,Mumbai,Online
INV1193,2023-07-20 05:22:52.972972974,CUST453,Accessories,Water Balloons,9,216.46,1948.14,Chennai,Online
INV1194,2023-07-20 22:56:34.594594596,CUST282,Water Guns,Large Pichkari,1,371.42,371.42,Delhi,Offline
INV1195,2023-07-21 16:30:16.216216216,CUST406,Sweets,Gujiya,8,127.0,1016.0,Mumbai,Online
INV1196,2023-07-22 10:03:57.837837838,CUST339,Colors,Gulal Red,7,64.13,448.91,Chennai,Offline
INV1197,2023-07-23 03:37:39.459459460,CUST387,Colors,Gulal Yellow,18,183.76,3307.68,Chennai,Offline
INV1198,2023-07-23 21:11:21.081081082,CUST569,Water Guns,Small Pichkari,8,150.75,1206.0,Kolkata,Online
INV1199,2023-07-24 14:45:02.702702704,CUST645,Water Guns,Large Pichkari,1,155.19,155.19,Lucknow,Online
INV1200,2023-07-25 08:18:44.324324324,CUST748,Accessories,Color Spray,11,124.47,1369.17,Kolkata,Online
INV1201,2023-07-26 01:52:25.945945946,CUST212,Water Guns,Large Pichkari,18,30.63,551.34,Jaipur,Online
INV1202,2023-07-26 19:26:07.567567568,CUST202,Colors,Gulal Yellow,10,18.76,187.6,Jaipur,Online
INV1203,2023-07-27 12:59:49.189189190,CUST227,Colors,Gulal Red,3,493.98,1481.94,Mumbai,Offline
INV1204,2023-07-28 06:33:30.810810812,CUST205,Colors,Gulal Green,7,219.61,1537.27,Lucknow,Online
INV1205,2023-07-29 00:07:12.432432434,CUST376,Sweets,Ladoo,16,198.32,3173.12,Delhi,Online
INV1206,2023-07-29 17:40:54.054054054,CUST964,Sweets,Ladoo,16,343.03,5488.48,Chennai,Online
INV1207,2023-07-30 11:14:35.675675676,CUST846,Colors,Gulal Red,17,116.94,1987.98,Mumbai,Offline
INV1208,2023-07-31 04:48:17.297297298,CUST406,Colors,Gulal Green,2,475.48,950.96,Delhi,Offline
INV1209,2023-07-31 22:21:58.918918920,CUST825,Water Guns,Large Pichkari,1,395.31,395.31,Jaipur,Offline
INV1210,2023-08-01 15:55:40.540540542,CUST815,Sweets,Ladoo,16,53.81,860.96,Chennai,Offline
INV1211,2023-08-02 09:29:22.162162162,CUST552,Colors,Herbal Colors,12,214.61,2575.32,Mumbai,Online
INV1212,2023-08-03 03:03:03.783783784,CUST915,Colors,Herbal Colors,5,440.77,2203.85,Jaipur,Online
INV1213,2023-08-03 20:36:45.405405406,CUST645,Accessories,Holi Cap,5,472.92,2364.6,Mumbai,Offline
INV1214,2023-08-04 14:10:27.027027028,CUST207,Colors,Gulal Yellow,9,239.03,2151.27,Lucknow,Offline
INV1215,2023-08-05 07:44:08.648648650,CUST585,Accessories,Holi Cap,9,310.57,2795.13,Lucknow,Online
INV1216,2023-08-06 01:17:50.270270272,CUST396,Sweets,Thandai,3,91.85,275.55,Delhi,Offline
INV1217,2023-08-06 18:51:31.891891892,CUST747,Colors,Gulal Red,19,495.67,9417.73,Delhi,Offline
INV1218,2023-08-07 12:25:13.513513514,CUST574,Sweets,Thandai,16,123.52,1976.32,Lucknow,Online
INV1219,2023-08-08 05:58:55.135135136,CUST927,Colors,Gulal Yellow,16,471.94,7551.04,Lucknow,Online
INV1220,2023-08-08 23:32:36.756756758,CUST516,Colors,Gulal Green,3,328.33,984.99,Jaipur,Offline
INV1221,2023-08-09 17:06:18.378378380,CUST414,Accessories,Holi Cap,1,307.79,307.79,Jaipur,Offline
INV1222,2023-08-10 10:40:00.000000000,CUST583,Accessories,Color Spray,11,261.22,2873.42,Mumbai,Offline
INV1223,2023-08-11 04:13:41.621621622,CUST653,Colors,Gulal Green,17,123.03,2091.51,Chennai,Offline
INV1224,2023-08-11 21:47:23.243243244,CUST439,Accessories,Water Balloons,8,96.5,772.0,Delhi,Online
INV1225,2023-08-12 15:21:04.864864866,CUST187,Colors,Herbal Colors,4,118.04,472.16,Chennai,Online
INV1226,2023-08-13 08:54:46.486486488,CUST113,Sweets,Thandai,6,101.35,608.1,Mumbai,Offline
INV1227,2023-08-14 02:28:28.108108108,CUST994,Sweets,Thandai,8,392.0,3136.0,Delhi,Online
INV1228,2023-08-14 20:02:09.729729730,CUST353,Accessories,Holi Cap,3,181.56,544.68,Delhi,Online
INV1229,2023-08-15 13:35:51.351351352,CUST998,Accessories,Color Spray,16,38.34,613.44,Delhi,Offline
INV1230,2023-08-16 07:09:32.972972974,CUST136,Colors,Gulal Red,3,484.86,1454.58,Lucknow,Offline
INV1231,2023-08-17 00:43:14.594594596,CUST903,Colors,Herbal Colors,18,443.06,7975.08,Jaipur,Offline
INV1232,2023-08-17 18:16:56.216216216,CUST724,Colors,Gulal Red,14,464.6,6504.4,Kolkata,Online
INV1233,2023-08-18 11:50:37.837837838,CUST195,Accessories,Holi Cap,18,497.5,8955.0,Delhi,Offline
INV1234,2023-08-19 05:24:19.459459460,CUST688,Colors,Gulal Green,2,95.21,190.42,Mumbai,Online
INV1235,2023-08-19 22:58:01.081081082,CUST859,Sweets,Gujiya,3,204.16,612.48,Kolkata,Offline
INV1236,2023-08-20 16:31:42.702702704,CUST663,Water Guns,Large Pichkari,16,381.54,6104.64,Chennai,Online
INV1237,2023-08-21 10:05:24.324324326,CUST152,Accessories,Color Spray,9,351.05,3159.45,Lucknow,Online
INV1238,2023-08-22 03:39:05.945945946,CUST660,Water Guns,Large Pichkari,4,85.41,341.64,Kolkata,Online
INV1239,2023-08-22 21:12:47.567567568,CUST578,Colors,Gulal Yellow,1,409.76,409.76,Mumbai,Online
INV1240,2023-08-23 14:46:29.189189190,CUST532,Colors,Herbal Colors,4,119.98,479.92,Delhi,Online
INV1241,2023-08-24 08:20:10.810810812,CUST372,Sweets,Gujiya,1,119.67,119.67,Chennai,Offline
INV1242,2023-08-25 01:53:52.432432434,CUST416,Colors,Herbal Colors,14,273.12,3823.68,Kolkata,Offline
INV1243,2023-08-25 19:27:34.054054054,CUST382,Water Guns,Small Pichkari,16,300.54,4808.64,Jaipur,Offline
INV1244,2023-08-26 13:01:15.675675676,CUST202,Colors,Gulal Green,8,294.24,2353.92,Lucknow,Online
INV1245,2023-08-27 06:34:57.297297298,CUST802,Colors,Herbal Colors,7,54.83,383.81,Chennai,Online
INV1246,2023-08-28 00:08:38.918918920,CUST411,Accessories,Holi Cap,3,439.96,1319.88,Kolkata,Offline
INV1247,2023-08-28 17:42:20.540540542,CUST763,Accessories,Holi Cap,17,140.14,2382.38,Mumbai,Offline
INV1248,2023-08-29 11:16:02.162162164,CUST869,Colors,Herbal Colors,1,73.46,73.46,Delhi,Offline
INV1249,2023-08-30 04:49:43.783783784,CUST605,Accessories,Holi Cap,16,445.49,7127.84,Mumbai,Offline
INV1250,2023-08-30 22:23:25.405405406,CUST217,Water Guns,Small Pichkari,12,478.27,5739.24,Mumbai,Offline
INV1251,2023-08-31 15:57:07.027027028,CUST312,Water Guns,Large Pichkari,19,432.44,8216.36,Mumbai,Offline
INV1252,2023-09-01 09:30:48.648648650,CUST508,Sweets,Gujiya,14,406.66,5693.24,Kolkata,Offline
INV1253,2023-09-02 03:04:30.270270272,CUST649,Water Guns,Large Pichkari,6,331.07,1986.42,Mumbai,Offline
INV1254,2023-09-02 20:38:11.891891892,CUST476,Colors,Herbal Colors,6,279.92,1679.52,Chennai,Online
INV1255,2023-09-03 14:11:53.513513514,CUST175,Sweets,Gujiya,13,52.62,684.06,Chennai,Offline
INV1256,2023-09-04 07:45:35.135135136,CUST683,Water Guns,Fancy Pichkari,19,210.14,3992.66,Jaipur,Offline
INV1257,2023-09-05 01:19:16.756756758,CUST850,Colors,Gulal Green,8,192.62,1540.96,Jaipur,Online
INV1258,2023-09-05 18:52:58.378378380,CUST908,Colors,Herbal Colors,2,137.28,274.56,Chennai,Offline
INV1259,2023-09-06 12:26:40.000000000,CUST880,Accessories,Color Spray,1,364.48,364.48,Kolkata,Online
INV1260,2023-09-07 06:00:21.621621622,CUST317,Colors,Gulal Red,15,252.98,3794.7,Kolkata,Online
INV1261,2023-09-07 23:34:03.243243244,CUST947,Colors,Gulal Yellow,1,49.71,49.71,Chennai,Offline
INV1262,2023-09-08 17:07:44.864864866,CUST686,Sweets,Thandai,5,117.89,589.45,Delhi,Offline
INV1263,2023-09-09 10:41:26.486486488,CUST736,Sweets,Gujiya,16,344.8,5516.8,Chennai,Offline
INV1264,2023-09-10 04:15:08.108108108,CUST752,Water Guns,Large Pichkari,19,47.3,898.7,Jaipur,Online
INV1265,2023-09-10 21:48:49.729729730,CUST605,Sweets,Ladoo,4,427.09,1708.36,Delhi,Offline
INV1266,2023-09-11 15:22:31.351351352,CUST587,Colors,Gulal Yellow,3,252.62,757.86,Chennai,Online
INV1267,2023-09-12 08:56:12.972972974,CUST452,Water Guns,Large Pichkari,17,245.49,4173.33,Lucknow,Offline
INV1268,2023-09-13 02:29:54.594594596,CUST152,Colors,Gulal Red,17,300.28,5104.76,Lucknow,Online
INV1269,2023-09-13 20:03:36.216216218,CUST715,Sweets,Gujiya,12,414.09,4969.08,Delhi,Offline
INV1270,2023-09-14 13:37:17.837837838,CUST774,Water Guns,Small Pichkari,14,180.43,2526.02,Lucknow,Offline
INV1271,2023-09-15 07:10:59.459459460,CUST548,Water Guns,Fancy Pichkari,6,342.23,2053.38,Mumbai,Offline
INV1272,2023-09-16 00:44:41.081081082,CUST698,Sweets,Thandai,3,287.21,861.63,Delhi,Offline
INV1273,2023-09-16 18:18:22.702702704,CUST787,Accessories,Color Spray,9,140.84,1267.56,Delhi,Online
INV1274,2023-09-17 11:52:04.324324326,CUST656,Accessories,Holi Cap,5,440.53,2202.65,Delhi,Online
INV1275,2023-09-18 05:25:45.945945946,CUST208,Sweets,Gujiya,17,400.74,6812.58,Mumbai,Online
INV1276,2023-09-18 22:59:27.567567568,CUST473,Accessories,Color Spray,14,332.64,4656.96,Jaipur,Online
INV1277,2023-09-19 16:33:09.189189190,CUST499,Water Guns,Fancy Pichkari,3,426.79,1280.37,Kolkata,Offline
INV1278,2023-09-20 10:06:50.810810812,CUST172,Water Guns,Small Pichkari,1,434.97,434.97,Lucknow,Online
INV1279,2023-09-21 03:40:32.432432434,CUST512,Sweets,Ladoo,1,357.1,357.1,Mumbai,Online
INV1280,2023-09-21 21:14:14.054054056,CUST584,Sweets,Gujiya,3,420.14,1260.42,Lucknow,Offline
INV1281,2023-09-22 14:47:55.675675676,CUST789,Water Guns,Large Pichkari,18,351.76,6331.68,Jaipur,Online
INV1282,2023-09-23 08:21:37.297297298,CUST105,Water Guns,Large Pichkari,10,343.27,3432.7,Delhi,Online
INV1283,2023-09-24 01:55:18.918918920,CUST295,Colors,Gulal Green,3,313.12,939.36,Delhi,Online
INV1284,2023-09-24 19:29:00.540540542,CUST828,Sweets,Ladoo,8,378.83,3030.64,Kolkata,Online
INV1285,2023-09-25 13:02:42.162162164,CUST418,Accessories,Color Spray,14,87.72,1228.08,Mumbai,Online
INV1286,2023-09-26 06:36:23.783783784,CUST706,Sweets,Thandai,18,441.63,7949.34,Lucknow,Online
INV1287,2023-09-27 00:10:05.405405408,CUST476,Water Guns,Fancy Pichkari,15,437.2,6558.0,Mumbai,Online
INV1288,2023-09-27 17:43:47.027027028,CUST911,Accessories,Color Spray,2,24.33,48.66,Lucknow,Online
INV1289,2023-09-28 11:17:28.648648648,CUST127,Water Guns,Small Pichkari,10,414.65,4146.5,Lucknow,Offline
INV1290,2023-09-29 04:51:10.270270272,CUST219,Accessories,Color Spray,2,73.15,146.3,Jaipur,Online
INV1291,2023-09-29 22:24:51.891891892,CUST676,Sweets,Thandai,17,174.21,2961.57,Mumbai,Online
INV1292,2023-09-30 15:58:33.513513516,CUST476,Colors,Gulal Green,8,374.32,2994.56,Kolkata,Offline
INV1293,2023-10-01 09:32:15.135135136,CUST925,Water Guns,Large Pichkari,1,88.77,88.77,Jaipur,Offline
INV1294,2023-10-02 03:05:56.756756756,CUST887,Water Guns,Small Pichkari,9,410.8,3697.2,Chennai,Online
INV1295,2023-10-02 20:39:38.378378380,CUST469,Accessories,Water Balloons,11,417.75,4595.25,Kolkata,Offline
INV1296,2023-10-03 14:13:20.000000000,CUST363,Water Guns,Fancy Pichkari,16,258.66,4138.56,Kolkata,Offline
INV1297,2023-10-04 07:47:01.621621624,CUST922,Water Guns,Large Pichkari,7,13.13,91.91,Delhi,Online
INV1298,2023-10-05 01:20:43.243243244,CUST599,Water Guns,Large Pichkari,10,150.65,1506.5,Lucknow,Online
INV1299,2023-10-05 18:54:24.864864864,CUST189,Accessories,Color Spray,3,312.29,936.87,Kolkata,Offline
INV1300,2023-10-06 12:28:06.486486488,CUST802,Water Guns,Large Pichkari,18,490.78,8834.04,Lucknow,Offline
INV1301,2023-10-07 06:01:48.108108108,CUST960,Accessories,Color Spray,13,319.59,4154.67,Delhi,Online
INV1302,2023-10-07 23:35:29.729729732,CUST480,Water Guns,Fancy Pichkari,7,137.3,961.1,Lucknow,Online
INV1303,2023-10-08 17:09:11.351351352,CUST820,Accessories,Water Balloons,4,320.66,1282.64,Chennai,Offline
INV1304,2023-10-09 10:42:52.972972976,CUST639,Sweets,Thandai,13,274.59,3569.67,Lucknow,Offline
INV1305,2023-10-10 04:16:34.594594596,CUST994,Sweets,Ladoo,1,392.12,392.12,Lucknow,Online
INV1306,2023-10-10 21:50:16.216216216,CUST884,Colors,Herbal Colors,8,62.42,499.36,Chennai,Online
INV1307,2023-10-11 15:23:57.837837840,CUST227,Colors,Gulal Red,14,382.9,5360.6,Jaipur,Online
INV1308,2023-10-12 08:57:39.459459460,CUST655,Accessories,Holi Cap,16,275.22,4403.52,Delhi,Online
INV1309,2023-10-13 02:31:21.081081084,CUST367,Water Guns,Large Pichkari,14,481.87,6746.18,Lucknow,Online
INV1310,2023-10-13 20:05:02.702702704,CUST454,Colors,Gulal Red,12,177.52,2130.24,Mumbai,Offline
INV1311,2023-10-14 13:38:44.324324324,CUST243,Colors,Gulal Green,19,319.98,6079.62,Mumbai,Offline
INV1312,2023-10-15 07:12:25.945945948,CUST166,Colors,Herbal Colors,15,466.69,7000.35,Chennai,Online
INV1313,2023-10-16 00:46:07.567567568,CUST507,Sweets,Thandai,2,60.23,120.46,Lucknow,Offline
INV1314,2023-10-16 18:19:49.189189192,CUST518,Water Guns,Small Pichkari,2,469.24,938.48,Mumbai,Online
INV1315,2023-10-17 11:53:30.810810812,CUST620,Water Guns,Fancy Pichkari,19,347.06,6594.14,Lucknow,Offline
INV1316,2023-10-18 05:27:12.432432432,CUST145,Accessories,Holi Cap,17,43.24,735.08,Kolkata,Offline
INV1317,2023-10-18 23:00:54.054054056,CUST571,Sweets,Ladoo,10,157.47,1574.7,Jaipur,Online
INV1318,2023-10-19 16:34:35.675675676,CUST395,Accessories,Color Spray,6,357.0,2142.0,Kolkata,Offline
INV1319,2023-10-20 10:08:17.297297300,CUST444,Colors,Gulal Green,15,43.0,645.0,Lucknow,Offline
INV1320,2023-10-21 03:41:58.918918920,CUST548,Colors,Gulal Yellow,11,295.26,3247.86,Mumbai,Offline
INV1321,2023-10-21 21:15:40.540540540,CUST219,Colors,Gulal Red,5,179.48,897.4,Kolkata,Online
INV1322,2023-10-22 14:49:22.162162164,CUST867,Water Guns,Small Pichkari,1,314.25,314.25,Mumbai,Online
INV1323,2023-10-23 08:23:03.783783784,CUST972,Sweets,Gujiya,8,32.41,259.28,Delhi,Offline
INV1324,2023-10-24 01:56:45.405405408,CUST442,Sweets,Gujiya,12,437.05,5244.6,Mumbai,Online
INV1325,2023-10-24 19:30:27.027027028,CUST602,Water Guns,Large Pichkari,12,487.01,5844.12,Chennai,Offline
INV1326,2023-10-25 13:04:08.648648648,CUST138,Colors,Gulal Yellow,5,484.75,2423.75,Chennai,Online
INV1327,2023-10-26 06:37:50.270270272,CUST703,Accessories,Holi Cap,7,377.33,2641.31,Lucknow,Online
INV1328,2023-10-27 00:11:31.891891892,CUST646,Water Guns,Small Pichkari,4,73.74,294.96,Lucknow,Offline
INV1329,2023-10-27 17:45:13.513513516,CUST556,Sweets,Thandai,6,381.55,2289.3,Chennai,Offline
INV1330,2023-10-28 11:18:55.135135136,CUST146,Accessories,Holi Cap,13,22.05,286.65,Delhi,Offline
INV1331,2023-10-29 04:52:36.756756756,CUST167,Accessories,Holi Cap,15,20.84,312.6,Mumbai,Offline
INV1332,2023-10-29 22:26:18.378378380,CUST431,Accessories,Color Spray,3,168.57,505.71,Kolkata,Offline
INV1333,2023-10-30 16:00:00.000000000,CUST481,Sweets,Thandai,8,249.44,1995.52,Mumbai,Online
INV1334,2023-10-31 09:33:41.621621624,CUST726,Water Guns,Fancy Pichkari,16,387.5,6200.0,Lucknow,Online
INV1335,2023-11-01 03:07:23.243243244,CUST112,Water Guns,Small Pichkari,13,344.81,4482.53,Kolkata,Offline
INV1336,2023-11-01 20:41:04.864864864,CUST460,Colors,Gulal Green,18,228.49,4112.82,Jaipur,Offline
INV1337,2023-11-02 14:14:46.486486488,CUST811,Colors,Gulal Green,10,144.08,1440.8,Mumbai,Offline
INV1338,2023-11-03 07:48:28.108108108,CUST618,Sweets,Thandai,19,498.59,9473.21,Kolkata,Offline
INV1339,2023-11-04 01:22:09.729729732,CUST467,Sweets,Gujiya,17,218.83,3720.11,Chennai,Offline
INV1340,2023-11-04 18:55:51.351351352,CUST747,Water Guns,Large Pichkari,19,231.18,4392.42,Mumbai,Offline
INV1341,2023-11-05 12:29:32.972972976,CUST296,Sweets,Ladoo,5,90.18,450.9,Kolkata,Offline
INV1342,2023-11-06 06:03:14.594594596,CUST648,Colors,Gulal Red,9,399.46,3595.14,Jaipur,Offline
INV1343,2023-11-06 23:36:56.216216216,CUST974,Sweets,Gujiya,12,349.9,4198.8,Delhi,Online
INV1344,2023-11-07 17:10:37.837837840,CUST810,Colors,Gulal Green,1,118.18,118.18,Jaipur,Offline
INV1345,2023-11-08 10:44:19.459459460,CUST631,Sweets,Ladoo,1,50.37,50.37,Jaipur,Offline
INV1346,2023-11-09 04:18:01.081081084,CUST343,Water Guns,Small Pichkari,15,343.44,5151.6,Kolkata,Offline
INV1347,2023-11-09 21:51:42.702702704,CUST280,Water Guns,Small Pichkari,2,330.71,661.42,Lucknow,Offline
INV1348,2023-11-10 15:25:24.324324324,CUST528,Colors,Gulal Yellow,16,143.9,2302.4,Jaipur,Offline
INV1349,2023-11-11 08:59:05.945945948,CUST335,Water Guns,Large Pichkari,8,475.92,3807.36,Lucknow,Offline
INV1350,2023-11-12 02:32:47.567567568,CUST991,Colors,Gulal Yellow,13,84.02,1092.26,Kolkata,Offline
INV1351,2023-11-12 20:06:29.189189192,CUST210,Accessories,Water Balloons,1,221.84,221.84,Lucknow,Online
INV1352,2023-11-13 13:40:10.810810812,CUST148,Accessories,Holi Cap,16,472.37,7557.92,Delhi,Online
INV1353,2023-11-14 07:13:52.432432432,CUST399,Water Guns,Large Pichkari,7,215.67,1509.69,Mumbai,Online
INV1354,2023-11-15 00:47:34.054054056,CUST285,Sweets,Gujiya,5,322.88,1614.4,Chennai,Offline
INV1355,2023-11-15 18:21:15.675675676,CUST593,Colors,Gulal Red,3,204.82,614.46,Chennai,Offline
INV1356,2023-11-16 11:54:57.297297300,CUST315,Sweets,Thandai,12,144.37,1732.44,Jaipur,Online
INV1357,2023-11-17 05:28:38.918918920,CUST905,Accessories,Holi Cap,16,492.15,7874.4,Kolkata,Online
INV1358,2023-11-17 23:02:20.540540540,CUST372,Water Guns,Small Pichkari,19,210.57,4000.83,Delhi,Offline
INV1359,2023-11-18 16:36:02.162162164,CUST416,Colors,Herbal Colors,5,448.11,2240.55,Lucknow,Online
INV1360,2023-11-19 10:09:43.783783784,CUST923,Accessories,Holi Cap,14,122.68,1717.52,Jaipur,Online
INV1361,2023-11-20 03:43:25.405405408,CUST703,Colors,Gulal Red,5,114.42,572.1,Kolkata,Online
INV1362,2023-11-20 21:17:07.027027028,CUST163,Sweets,Ladoo,15,25.26,378.9,Lucknow,Offline
INV1363,2023-11-21 14:50:48.648648648,CUST240,Water Guns,Large Pichkari,17,329.32,5598.44,Kolkata,Offline
INV1364,2023-11-22 08:24:30.270270272,CUST224,Colors,Gulal Yellow,14,190.58,2668.12,Delhi,Online
INV1365,2023-11-23 01:58:11.891891892,CUST157,Water Guns,Fancy Pichkari,5,433.54,2167.7,Kolkata,Online
INV1366,2023-11-23 19:31:53.513513516,CUST308,Water Guns,Large Pichkari,12,241.87,2902.44,Kolkata,Offline
INV1367,2023-11-24 13:05:35.135135136,CUST379,Sweets,Gujiya,16,484.41,7750.56,Kolkata,Online
INV1368,2023-11-25 06:39:16.756756760,CUST468,Accessories,Holi Cap,16,100.91,1614.56,Delhi,Online
INV1369,2023-11-26 00:12:58.378378380,CUST449,Accessories,Holi Cap,7,435.63,3049.41,Chennai,Online
INV1370,2023-11-26 17:46:40.000000000,CUST316,Accessories,Holi Cap,4,390.53,1562.12,Kolkata,Online
INV1371,2023-11-27 11:20:21.621621624,CUST925,Accessories,Color Spray,1,387.75,387.75,Chennai,Offline
INV1372,2023-11-28 04:54:03.243243244,CUST233,Water Guns,Large Pichkari,5,423.94,2119.7,Lucknow,Online
INV1373,2023-11-28 22:27:44.864864868,CUST909,Water Guns,Fancy Pichkari,10,382.9,3829.0,Delhi,Online
INV1374,2023-11-29 16:01:26.486486488,CUST820,Colors,Gulal Red,5,316.85,1584.25,Chennai,Online
INV1375,2023-11-30 09:35:08.108108108,CUST496,Accessories,Water Balloons,4,74.31,297.24,Delhi,Offline
INV1376,2023-12-01 03:08:49.729729732,CUST750,Sweets,Ladoo,2,25.94,51.88,Delhi,Online
INV1377,2023-12-01 20:42:31.351351352,CUST214,Water Guns,Small Pichkari,10,461.22,4612.2,Delhi,Online
INV1378,2023-12-02 14:16:12.972972976,CUST714,Water Guns,Large Pichkari,19,312.16,5931.04,Chennai,Offline
INV1379,2023-12-03 07:49:54.594594596,CUST137,Accessories,Holi Cap,1,400.3,400.3,Kolkata,Offline
INV1380,2023-12-04 01:23:36.216216216,CUST219,Water Guns,Small Pichkari,5,245.95,1229.75,Chennai,Offline
INV1381,2023-12-04 18:57:17.837837840,CUST565,Colors,Gulal Red,13,67.48,877.24,Mumbai,Offline
INV1382,2023-12-05 12:30:59.459459460,CUST627,Colors,Gulal Yellow,4,71.34,285.36,Delhi,Online
INV1383,2023-12-06 06:04:41.081081084,CUST829,Water Guns,Fancy Pichkari,16,345.93,5534.88,Kolkata,Online
INV1384,2023-12-06 23:38:22.702702704,CUST987,Colors,Gulal Green,16,220.85,3533.6,Jaipur,Online
INV1385,2023-12-07 17:12:04.324324324,CUST823,Water Guns,Small Pichkari,2,108.26,216.52,Lucknow,Offline
INV1386,2023-12-08 10:45:45.945945948,CUST712,Accessories,Water Balloons,17,250.88,4264.96,Delhi,Online
INV1387,2023-12-09 04:19:27.567567568,CUST694,Accessories,Color Spray,12,41.46,497.52,Lucknow,Online
INV1388,2023-12-09 21:53:09.189189192,CUST158,Water Guns,Small Pichkari,18,295.17,5313.06,Kolkata,Online
INV1389,2023-12-10 15:26:50.810810812,CUST187,Colors,Gulal Yellow,3,141.81,425.43,Kolkata,Offline
INV1390,2023-12-11 09:00:32.432432432,CUST218,Accessories,Holi Cap,1,400.8,400.8,Chennai,Offline
INV1391,2023-12-12 02:34:14.054054056,CUST167,Accessories,Water Balloons,1,162.08,162.08,Chennai,Offline
INV1392,2023-12-12 20:07:55.675675676,CUST735,Water Guns,Large Pichkari,19,233.06,4428.14,Kolkata,Online
INV1393,2023-12-13 13:41:37.297297300,CUST742,Sweets,Ladoo,11,15.69,172.59,Lucknow,Offline
INV1394,2023-12-14 07:15:18.918918920,CUST911,Sweets,Thandai,5,45.5,227.5,Mumbai,Offline
INV1395,2023-12-15 00:49:00.540540540,CUST739,Water Guns,Small Pichkari,12,202.32,2427.84,Mumbai,Online
INV1396,2023-12-15 18:22:42.162162164,CUST362,Colors,Gulal Green,3,245.17,735.51,Jaipur,Offline
INV1397,2023-12-16 11:56:23.783783784,CUST175,Sweets,Gujiya,1,304.01,304.01,Mumbai,Online
INV1398,2023-12-17 05:30:05.405405408,CUST800,Accessories,Holi Cap,1,152.91,152.91,Chennai,Online
INV1399,2023-12-17 23:03:47.027027028,CUST763,Sweets,Gujiya,8,350.54,2804.32,Delhi,Offline
INV1400,2023-12-18 16:37:28.648648648,CUST621,Colors,Herbal Colors,10,431.46,4314.6,Kolkata,Online
INV1401,2023-12-19 10:11:10.270270272,CUST392,Water Guns,Large Pichkari,11,392.13,4313.43,Lucknow,Online
INV1402,2023-12-20 03:44:51.891891892,CUST186,Sweets,Thandai,12,29.41,352.92,Delhi,Online
INV1403,2023-12-20 21:18:33.513513516,CUST173,Water Guns,Fancy Pichkari,13,245.45,3190.85,Mumbai,Offline
INV1404,2023-12-21 14:52:15.135135136,CUST994,Water Guns,Large Pichkari,12,61.42,737.04,Mumbai,Online
INV1405,2023-12-22 08:25:56.756756760,CUST508,Sweets,Gujiya,14,128.6,1800.4,Chennai,Offline
INV1406,2023-12-23 01:59:38.378378380,CUST176,Water Guns,Large Pichkari,2,493.46,986.92,Mumbai,Offline
INV1407,2023-12-23 19:33:20.000000000,CUST729,Sweets,Ladoo,19,79.82,1516.58,Jaipur,Online
INV1408,2023-12-24 13:07:01.621621624,CUST766,Sweets,Thandai,18,254.46,4580.28,Chennai,Online
INV1409,2023-12-25 06:40:43.243243244,CUST551,Colors,Gulal Red,3,312.9,938.7,Jaipur,Online
INV1410,2023-12-26 00:14:24.864864868,CUST752,Colors,Gulal Green,17,354.21,6021.57,Delhi,Online
INV1411,2023-12-26 17:48:06.486486488,CUST881,Water Guns,Small Pichkari,8,284.23,2273.84,Delhi,Online
INV1412,2023-12-27 11:21:48.108108108,CUST658,Water Guns,Fancy Pichkari,10,14.79,147.9,Chennai,Offline
INV1413,2023-12-28 04:55:29.729729732,CUST849,Accessories,Water Balloons,2,169.97,339.94,Mumbai,Offline
INV1414,2023-12-28 22:29:11.351351352,CUST112,Water Guns,Fancy Pichkari,19,263.68,5009.92,Chennai,Online
INV1415,2023-12-29 16:02:52.972972976,CUST719,Accessories,Water Balloons,9,53.05,477.45,Kolkata,Offline
INV1416,2023-12-30 09:36:34.594594596,CUST592,Water Guns,Large Pichkari,7,181.81,1272.67,Jaipur,Offline
INV1417,2023-12-31 03:10:16.216216216,CUST217,Accessories,Holi Cap,4,26.27,105.08,Chennai,Offline
INV1418,2023-12-31 20:43:57.837837840,CUST801,Accessories,Holi Cap,18,48.5,873.0,Mumbai,Offline
INV1419,2024-01-01 14:17:39.459459460,CUST616,Accessories,Water Balloons,13,204.49,2658.37,Delhi,Offline
INV1420,2024-01-02 07:51:21.081081084,CUST739,Accessories,Holi Cap,11,75.03,825.33,Lucknow,Offline
INV1421,2024-01-03 01:25:02.702702704,CUST388,Accessories,Holi Cap,4,288.1,1152.4,Delhi,Online
INV1422,2024-01-03 18:58:44.324324324,CUST786,Colors,Gulal Yellow,4,347.84,1391.36,Jaipur,Online
INV1423,2024-01-04 12:32:25.945945948,CUST610,Accessories,Holi Cap,10,402.29,4022.9,Chennai,Online
INV1424,2024-01-05 06:06:07.567567568,CUST289,Sweets,Thandai,5,108.07,540.35,Delhi,Offline
INV1425,2024-01-05 23:39:49.189189192,CUST988,Colors,Gulal Red,9,92.07,828.63,Kolkata,Online
INV1426,2024-01-06 17:13:30.810810812,CUST360,Colors,Gulal Yellow,3,61.24,183.72,Delhi,Online
INV1427,2024-01-07 10:47:12.432432432,CUST487,Accessories,Holi Cap,17,321.85,5471.45,Kolkata,Online
INV1428,2024-01-08 04:20:54.054054056,CUST176,Water Guns,Fancy Pichkari,3,356.17,1068.51,Mumbai,Offline
INV1429,2024-01-08 21:54:35.675675676,CUST376,Colors,Gulal Red,16,25.48,407.68,Delhi,Offline
INV1430,2024-01-09 15:28:17.297297300,CUST388,Accessories,Holi Cap,4,468.74,1874.96,Delhi,Online
INV1431,2024-01-10 09:01:58.918918920,CUST763,Colors,Gulal Green,18,35.47,638.46,Kolkata,Offline
INV1432,2024-01-11 02:35:40.540540544,CUST383,Water Guns,Large Pichkari,17,275.24,4679.08,Kolkata,Offline
INV1433,2024-01-11 20:09:22.162162164,CUST649,Colors,Herbal Colors,7,357.44,2502.08,Chennai,Offline
INV1434,2024-01-12 13:43:03.783783784,CUST304,Accessories,Water Balloons,5,436.77,2183.85,Chennai,Offline
INV1435,2024-01-13 07:16:45.405405408,CUST262,Sweets,Ladoo,12,359.9,4318.8,Jaipur,Offline
INV1436,2024-01-14 00:50:27.027027028,CUST762,Accessories,Water Balloons,17,402.85,6848.45,Lucknow,Online
INV1437,2024-01-14 18:24:08.648648652,CUST803,Sweets,Gujiya,13,176.33,2292.29,Mumbai,Offline
INV1438,2024-01-15 11:57:50.270270272,CUST288,Sweets,Thandai,3,409.26,1227.78,Lucknow,Offline
INV1439,2024-01-16 05:31:31.891891892,CUST862,Sweets,Ladoo,9,49.26,443.34,Kolkata,Offline
INV1440,2024-01-16 23:05:13.513513516,CUST418,Water Guns,Large Pichkari,17,448.46,7623.82,Kolkata,Online
INV1441,2024-01-17 16:38:55.135135136,CUST207,Water Guns,Fancy Pichkari,17,278.32,4731.44,Lucknow,Offline
INV1442,2024-01-18 10:12:36.756756760,CUST571,Colors,Gulal Yellow,16,410.48,6567.68,Jaipur,Offline
INV1443,2024-01-19 03:46:18.378378380,CUST460,Water Guns,Small Pichkari,13,231.64,3011.32,Chennai,Online
INV1444,2024-01-19 21:20:00.000000000,CUST907,Accessories,Holi Cap,19,325.35,6181.65,Kolkata,Online
INV1445,2024-01-20 14:53:41.621621624,CUST144,Colors,Gulal Red,17,267.94,4554.98,Kolkata,Offline
INV1446,2024-01-21 08:27:23.243243244,CUST355,Accessories,Holi Cap,4,368.48,1473.92,Mumbai,Online
INV1447,2024-01-22 02:01:04.864864868,CUST205,Colors,Gulal Yellow,12,50.0,600.0,Mumbai,Online
INV1448,2024-01-22 19:34:46.486486488,CUST624,Colors,Gulal Red,9,39.57,356.13,Kolkata,Online
INV1449,2024-01-23 13:08:28.108108108,CUST687,Colors,Herbal Colors,19,131.08,2490.52,Delhi,Online
INV1450,2024-01-24 06:42:09.729729732,CUST533,Accessories,Color Spray,12,88.18,1058.16,Kolkata,Online
INV1451,2024-01-25 00:15:51.351351352,CUST884,Sweets,Gujiya,9,437.17,3934.53,Mumbai,Online
INV1452,2024-01-25 17:49:32.972972976,CUST730,Sweets,Ladoo,7,117.41,821.87,Chennai,Offline
INV1453,2024-01-26 11:23:14.594594596,CUST240,Water Guns,Fancy Pichkari,14,488.17,6834.38,Jaipur,Offline
INV1454,2024-01-27 04:56:56.216216216,CUST482,Water Guns,Small Pichkari,19,175.08,3326.52,Kolkata,Offline
INV1455,2024-01-27 22:30:37.837837840,CUST335,Accessories,Color Spray,15,99.24,1488.6,Lucknow,Online
INV1456,2024-01-28 16:04:19.459459460,CUST892,Water Guns,Fancy Pichkari,16,396.95,6351.2,Delhi,Online
INV1457,2024-01-29 09:38:01.081081084,CUST815,Accessories,Holi Cap,5,332.77,1663.85,Chennai,Online
INV1458,2024-01-30 03:11:42.702702704,CUST723,Water Guns,Large Pichkari,3,254.12,762.36,Jaipur,Offline
INV1459,2024-01-30 20:45:24.324324324,CUST609,Sweets,Thandai,12,282.13,3385.56,Chennai,Online
INV1460,2024-01-31 14:19:05.945945948,CUST608,Sweets,Thandai,4,362.41,1449.64,Kolkata,Offline
INV1461,2024-02-01 07:52:47.567567568,CUST938,Sweets,Ladoo,16,121.94,1951.04,Delhi,Offline
INV1462,2024-02-02 01:26:29.189189192,CUST906,Colors,Herbal Colors,7,498.2,3487.4,Jaipur,Online
INV1463,2024-02-02 19:00:10.810810812,CUST524,Accessories,Holi Cap,13,487.65,6339.45,Chennai,Offline
INV1464,2024-02-03 12:33:52.432432432,CUST144,Colors,Gulal Green,10,328.66,3286.6,Chennai,Offline
INV1465,2024-02-04 06:07:34.054054056,CUST267,Accessories,Water Balloons,7,107.78,754.46,Lucknow,Offline
INV1466,2024-02-04 23:41:15.675675676,CUST958,Colors,Herbal Colors,14,343.31,4806.34,Mumbai,Offline
INV1467,2024-02-05 17:14:57.297297300,CUST633,Sweets,Ladoo,5,45.38,226.9,Delhi,Offline
INV1468,2024-02-06 10:48:38.918918920,CUST463,Colors,Gulal Green,3,25.02,75.06,Jaipur,Online
INV1469,2024-02-07 04:22:20.540540544,CUST311,Water Guns,Fancy Pichkari,11,136.26,1498.86,Kolkata,Online
INV1470,2024-02-07 21:56:02.162162164,CUST797,Water Guns,Small Pichkari,11,236.69,2603.59,Delhi,Online
INV1471,2024-02-08 15:29:43.783783784,CUST152,Accessories,Color Spray,18,435.45,7838.1,Chennai,Offline
INV1472,2024-02-09 09:03:25.405405408,CUST395,Water Guns,Fancy Pichkari,15,366.31,5494.65,Lucknow,Offline
INV1473,2024-02-10 02:37:07.027027028,CUST276,Accessories,Color Spray,12,373.93,4487.16,Delhi,Offline
INV1474,2024-02-10 20:10:48.648648652,CUST641,Colors,Gulal Yellow,9,218.49,1966.41,Mumbai,Offline
INV1475,2024-02-11 13:44:30.270270272,CUST513,Colors,Herbal Colors,10,179.51,1795.1,Chennai,Online
INV1476,2024-02-12 07:18:11.891891892,CUST272,Sweets,Thandai,12,191.81,2301.72,Jaipur,Online
INV1477,2024-02-13 00:51:53.513513516,CUST436,Accessories,Water Balloons,17,493.95,8397.15,Delhi,Online
INV1478,2024-02-13 18:25:35.135135136,CUST838,Sweets,Ladoo,6,29.65,177.9,Chennai,Online
INV1479,2024-02-14 11:59:16.756756760,CUST573,Sweets,Ladoo,7,434.85,3043.95,Kolkata,Offline
INV1480,2024-02-15 05:32:58.378378380,CUST699,Sweets,Gujiya,14,293.55,4109.7,Kolkata,Offline
INV1481,2024-02-15 23:06:40.000000000,CUST856,Sweets,Thandai,13,224.92,2923.96,Kolkata,Online
INV1482,2024-02-16 16:40:21.621621624,CUST908,Water Guns,Large Pichkari,8,365.38,2923.04,Chennai,Offline
INV1483,2024-02-17 10:14:03.243243244,CUST688,Colors,Gulal Yellow,10,248.47,2484.7,Kolkata,Offline
INV1484,2024-02-18 03:47:44.864864868,CUST396,Accessories,Water Balloons,9,437.98,3941.82,Delhi,Online
INV1485,2024-02-18 21:21:26.486486488,CUST353,Sweets,Ladoo,18,451.34,8124.12,Lucknow,Online
INV1486,2024-02-19 14:55:08.108108108,CUST313,Colors,Herbal Colors,2,216.64,433.28,Mumbai,Online
INV1487,2024-02-20 08:28:49.729729732,CUST290,Accessories,Water Balloons,5,145.65,728.25,Lucknow,Offline
INV1488,2024-02-21 02:02:31.351351352,CUST976,Water Guns,Fancy Pichkari,5,300.25,1501.25,Kolkata,Offline
INV1489,2024-02-21 19:36:12.972972976,CUST975,Water Guns,Fancy Pichkari,6,457.06,2742.36,Chennai,Offline
INV1490,2024-02-22 13:09:54.594594596,CUST368,Accessories,Color Spray,19,113.22,2151.18,Chennai,Online
INV1491,2024-02-23 06:43:36.216216216,CUST958,Colors,Gulal Yellow,8,315.25,2522.0,Jaipur,Offline
INV1492,2024-02-24 00:17:17.837837840,CUST160,Sweets,Ladoo,16,319.46,5111.36,Chennai,Online
INV1493,2024-02-24 17:50:59.459459460,CUST957,Sweets,Ladoo,13,369.23,4799.99,Chennai,Online
INV1494,2024-02-25 11:24:41.081081084,CUST578,Colors,Herbal Colors,1,74.47,74.47,Lucknow,Online
INV1495,2024-02-26 04:58:22.702702704,CUST918,Water Guns,Large Pichkari,17,360.75,6132.75,Delhi,Online
INV1496,2024-02-26 22:32:04.324324328,CUST459,Colors,Gulal Green,7,455.43,3188.01,Mumbai,Online
INV1497,2024-02-27 16:05:45.945945948,CUST952,Sweets,Thandai,13,98.04,1274.52,Lucknow,Offline
INV1498,2024-02-28 09:39:27.567567568,CUST365,Water Guns,Large Pichkari,4,126.4,505.6,Lucknow,Online
INV1499,2024-02-29 03:13:09.189189192,CUST354,Water Guns,Fancy Pichkari,4,485.98,1943.92,Chennai,Offline
INV1500,2024-02-29 20:46:50.810810812,CUST146,Water Guns,Large Pichkari,6,98.68,592.08,Delhi,Offline
INV1501,2024-03-01 14:20:32.432432436,CUST145,Water Guns,Small Pichkari,19,428.65,8144.35,Mumbai,Offline
INV1502,2024-03-02 07:54:14.054054056,CUST861,Colors,Gulal Yellow,12,251.22,3014.64,Jaipur,Offline
INV1503,2024-03-03 01:27:55.675675676,CUST747,Sweets,Ladoo,7,131.14,917.98,Mumbai,Offline
INV1504,2024-03-03 19:01:37.297297300,CUST863,Colors,Herbal Colors,10,436.67,4366.7,Mumbai,Offline
INV1505,2024-03-04 12:35:18.918918920,CUST251,Accessories,Water Balloons,19,228.2,4335.8,Jaipur,Offline
INV1506,2024-03-05 06:09:00.540540544,CUST101,Water Guns,Small Pichkari,7,262.26,1835.82,Lucknow,Offline
INV1507,2024-03-05 23:42:42.162162164,CUST972,Colors,Gulal Yellow,3,186.02,558.06,Chennai,Offline
INV1508,2024-03-06 17:16:23.783783784,CUST815,Water Guns,Large Pichkari,13,300.55,3907.15,Jaipur,Offline
INV1509,2024-03-07 10:50:05.405405408,CUST448,Sweets,Thandai,13,90.13,1171.69,Mumbai,Online
INV1510,2024-03-08 04:23:47.027027028,CUST153,Water Guns,Fancy Pichkari,18,201.63,3629.34,Jaipur,Offline
INV1511,2024-03-08 21:57:28.648648652,CUST578,Sweets,Thandai,8,485.01,3880.08,Kolkata,Offline
INV1512,2024-03-09 15:31:10.270270272,CUST273,Water Guns,Large Pichkari,9,136.49,1228.41,Jaipur,Online
INV1513,2024-03-10 09:04:51.891891892,CUST544,Water Guns,Large Pichkari,7,331.8,2322.6,Chennai,Offline
INV1514,2024-03-11 02:38:33.513513516,CUST873,Colors,Gulal Green,1,169.34,169.34,Kolkata,Online
INV1515,2024-03-11 20:12:15.135135136,CUST333,Accessories,Holi Cap,3,389.0,1167.0,Kolkata,Offline
INV1516,2024-03-12 13:45:56.756756760,CUST119,Sweets,Gujiya,13,74.13,963.69,Delhi,Online
INV1517,2024-03-13 07:19:38.378378380,CUST886,Water Guns,Large Pichkari,17,485.21,8248.57,Lucknow,Offline
INV1518,2024-03-14 00:53:20.000000000,CUST717,Accessories,Color Spray,1,232.36,232.36,Mumbai,Offline
INV1519,2024-03-14 18:27:01.621621624,CUST404,Accessories,Holi Cap,6,125.66,753.96,Jaipur,Offline
INV1520,2024-03-15 12:00:43.243243244,CUST231,Sweets,Gujiya,6,46.01,276.06,Mumbai,Offline
INV1521,2024-03-16 05:34:24.864864868,CUST327,Colors,Gulal Green,12,93.18,1118.16,Jaipur,Offline
INV1522,2024-03-16 23:08:06.486486488,CUST572,Water Guns,Large Pichkari,13,264.69,3440.97,Jaipur,Online
INV1523,2024-03-17 16:41:48.108108108,CUST693,Sweets,Ladoo,13,175.13,2276.69,Lucknow,Offline
INV1524,2024-03-18 10:15:29.729729732,CUST579,Accessories,Holi Cap,15,416.15,6242.25,Kolkata,Offline
INV1525,2024-03-19 03:49:11.351351352,CUST237,Colors,Gulal Red,16,221.13,3538.08,Jaipur,Offline
INV1526,2024-03-19 21:22:52.972972976,CUST257,Water Guns,Large Pichkari,11,131.87,1450.57,Delhi,Online
INV1527,2024-03-20 14:56:34.594594596,CUST602,Water Guns,Large Pichkari,5,312.4,1562.0,Delhi,Offline
INV1528,2024-03-21 08:30:16.216216216,CUST118,Water Guns,Small Pichkari,4,356.32,1425.28,Chennai,Offline
INV1529,2024-03-22 02:03:57.837837840,CUST865,Accessories,Holi Cap,3,91.85,275.55,Mumbai,Online
INV1530,2024-03-22 19:37:39.459459460,CUST234,Accessories,Water Balloons,19,92.13,1750.47,Kolkata,Offline
INV1531,2024-03-23 13:11:21.081081084,CUST684,Colors,Gulal Red,18,27.97,503.46,Mumbai,Offline
INV1532,2024-03-24 06:45:02.702702704,CUST375,Water Guns,Small Pichkari,15,370.84,5562.6,Chennai,Online
INV1533,2024-03-25 00:18:44.324324328,CUST699,Colors,Gulal Red,9,335.26,3017.34,Delhi,Offline
INV1534,2024-03-25 17:52:25.945945948,CUST700,Water Guns,Fancy Pichkari,17,242.57,4123.69,Jaipur,Offline
INV1535,2024-03-26 11:26:07.567567568,CUST209,Sweets,Thandai,14,423.64,5930.96,Chennai,Offline
INV1536,2024-03-27 04:59:49.189189192,CUST207,Colors,Gulal Green,15,404.78,6071.7,Lucknow,Offline
INV1537,2024-03-27 22:33:30.810810812,CUST224,Accessories,Holi Cap,1,296.82,296.82,Jaipur,Online
INV1538,2024-03-28 16:07:12.432432436,CUST403,Colors,Gulal Green,3,435.45,1306.35,Jaipur,Online
INV1539,2024-03-29 09:40:54.054054056,CUST991,Sweets,Thandai,16,110.86,1773.76,Delhi,Online
INV1540,2024-03-30 03:14:35.675675676,CUST262,Water Guns,Small Pichkari,11,64.84,713.24,Kolkata,Online
INV1541,2024-03-30 20:48:17.297297300,CUST381,Water Guns,Large Pichkari,12,142.18,1706.16,Jaipur,Offline
INV1542,2024-03-31 14:21:58.918918920,CUST371,Accessories,Holi Cap,10,37.97,379.7,Mumbai,Online
INV1543,2024-04-01 07:55:40.540540544,CUST361,Water Guns,Large Pichkari,16,270.27,4324.32,Lucknow,Offline
INV1544,2024-04-02 01:29:22.162162164,CUST891,Accessories,Water Balloons,8,468.94,3751.52,Delhi,Online
INV1545,2024-04-02 19:03:03.783783784,CUST743,Water Guns,Large Pichkari,6,29.28,175.68,Kolkata,Online
INV1546,2024-04-03 12:36:45.405405408,CUST548,Colors,Gulal Yellow,12,69.83,837.96,Jaipur,Offline
INV1547,2024-04-04 06:10:27.027027028,CUST625,Sweets,Ladoo,8,231.58,1852.64,Delhi,Offline
INV1548,2024-04-04 23:44:08.648648652,CUST519,Water Guns,Fancy Pichkari,4,467.6,1870.4,Delhi,Online
INV1549,2024-04-05 17:17:50.270270272,CUST726,Accessories,Water Balloons,8,164.92,1319.36,Jaipur,Online
INV1550,2024-04-06 10:51:31.891891892,CUST510,Colors,Herbal Colors,18,258.55,4653.9,Kolkata,Offline
INV1551,2024-04-07 04:25:13.513513516,CUST950,Colors,Gulal Red,5,30.37,151.85,Delhi,Online
INV1552,2024-04-07 21:58:55.135135136,CUST593,Sweets,Thandai,9,82.69,744.21,Delhi,Online
INV1553,2024-04-08 15:32:36.756756760,CUST287,Water Guns,Fancy Pichkari,4,493.45,1973.8,Mumbai,Offline
INV1554,2024-04-09 09:06:18.378378380,CUST209,Sweets,Ladoo,17,482.91,8209.47,Delhi,Online
INV1555,2024-04-10 02:40:00.000000000,CUST354,Sweets,Ladoo,9,12.42,111.78,Mumbai,Offline
INV1556,2024-04-10 20:13:41.621621624,CUST355,Water Guns,Fancy Pichkari,1,476.39,476.39,Kolkata,Offline
INV1557,2024-04-11 13:47:23.243243244,CUST544,Water Guns,Small Pichkari,13,323.17,4201.21,Jaipur,Online
INV1558,2024-04-12 07:21:04.864864868,CUST727,Accessories,Holi Cap,16,435.28,6964.48,Delhi,Online
INV1559,2024-04-13 00:54:46.486486488,CUST259,Accessories,Water Balloons,13,232.82,3026.66,Mumbai,Offline
INV1560,2024-04-13 18:28:28.108108112,CUST169,Water Guns,Fancy Pichkari,14,262.64,3676.96,Mumbai,Online
INV1561,2024-04-14 12:02:09.729729732,CUST923,Sweets,Gujiya,3,249.53,748.59,Lucknow,Online
INV1562,2024-04-15 05:35:51.351351352,CUST280,Colors,Herbal Colors,6,336.76,2020.56,Mumbai,Offline
INV1563,2024-04-15 23:09:32.972972976,CUST822,Colors,Herbal Colors,18,78.43,1411.74,Delhi,Offline
INV1564,2024-04-16 16:43:14.594594596,CUST852,Accessories,Holi Cap,19,24.69,469.11,Lucknow,Online
INV1565,2024-04-17 10:16:56.216216220,CUST622,Water Guns,Fancy Pichkari,5,160.89,804.45,Jaipur,Offline
INV1566,2024-04-18 03:50:37.837837840,CUST915,Water Guns,Large Pichkari,15,355.29,5329.35,Jaipur,Online
INV1567,2024-04-18 21:24:19.459459460,CUST469,Accessories,Holi Cap,2,108.91,217.82,Chennai,Online
INV1568,2024-04-19 14:58:01.081081084,CUST315,Sweets,Thandai,10,339.98,3399.8,Delhi,Offline
INV1569,2024-04-20 08:31:42.702702704,CUST490,Sweets,Thandai,18,485.26,8734.68,Lucknow,Online
INV1570,2024-04-21 02:05:24.324324328,CUST237,Accessories,Holi Cap,13,56.01,728.13,Lucknow,Online
INV1571,2024-04-21 19:39:05.945945944,CUST500,Colors,Gulal Yellow,5,339.58,1697.9,Chennai,Offline
INV1572,2024-04-22 13:12:47.567567568,CUST366,Sweets,Thandai,1,227.44,227.44,Jaipur,Online
INV1573,2024-04-23 06:46:29.189189192,CUST182,Sweets,Gujiya,1,435.39,435.39,Jaipur,Offline
INV1574,2024-04-24 00:20:10.810810816,CUST329,Colors,Herbal Colors,18,96.8,1742.4,Kolkata,Online
INV1575,2024-04-24 17:53:52.432432432,CUST175,Colors,Gulal Red,15,349.39,5240.85,Mumbai,Online
INV1576,2024-04-25 11:27:34.054054056,CUST756,Colors,Gulal Yellow,17,420.68,7151.56,Mumbai,Online
INV1577,2024-04-26 05:01:15.675675680,CUST340,Accessories,Color Spray,11,472.86,5201.46,Jaipur,Online
INV1578,2024-04-26 22:34:57.297297296,CUST512,Accessories,Water Balloons,17,344.79,5861.43,Kolkata,Online
INV1579,2024-04-27 16:08:38.918918920,CUST254,Sweets,Ladoo,13,253.62,3297.06,Delhi,Online
INV1580,2024-04-28 09:42:20.540540544,CUST493,Water Guns,Small Pichkari,1,312.75,312.75,Jaipur,Offline
INV1581,2024-04-29 03:16:02.162162168,CUST589,Sweets,Gujiya,2,435.76,871.52,Chennai,Online
INV1582,2024-04-29 20:49:43.783783784,CUST663,Water Guns,Fancy Pichkari,9,289.6,2606.4,Chennai,Online
INV1583,2024-04-30 14:23:25.405405408,CUST188,Colors,Herbal Colors,3,24.89,74.67,Delhi,Offline
INV1584,2024-05-01 07:57:07.027027032,CUST991,Accessories,Color Spray,1,466.16,466.16,Delhi,Offline
INV1585,2024-05-02 01:30:48.648648648,CUST352,Accessories,Water Balloons,16,347.87,5565.92,Mumbai,Online
INV1586,2024-05-02 19:04:30.270270272,CUST673,Colors,Gulal Green,6,341.49,2048.94,Delhi,Online
INV1587,2024-05-03 12:38:11.891891896,CUST646,Colors,Gulal Green,17,115.68,1966.56,Chennai,Offline
INV1588,2024-05-04 06:11:53.513513512,CUST998,Water Guns,Small Pichkari,5,332.85,1664.25,Jaipur,Offline
INV1589,2024-05-04 23:45:35.135135136,CUST336,Accessories,Color Spray,5,202.99,1014.95,Mumbai,Online
INV1590,2024-05-05 17:19:16.756756760,CUST699,Colors,Gulal Yellow,6,329.1,1974.6,Kolkata,Online
INV1591,2024-05-06 10:52:58.378378384,CUST899,Colors,Herbal Colors,3,62.23,186.69,Jaipur,Online
INV1592,2024-05-07 04:26:40.000000000,CUST105,Colors,Gulal Yellow,5,332.34,1661.7,Chennai,Online
INV1593,2024-05-07 22:00:21.621621624,CUST965,Water Guns,Large Pichkari,5,499.71,2498.55,Jaipur,Online
INV1594,2024-05-08 15:34:03.243243248,CUST126,Water Guns,Small Pichkari,10,33.62,336.2,Delhi,Online
INV1595,2024-05-09 09:07:44.864864864,CUST578,Colors,Gulal Red,10,488.82,4888.2,Kolkata,Offline
INV1596,2024-05-10 02:41:26.486486488,CUST713,Sweets,Gujiya,19,209.38,3978.22,Lucknow,Online
INV1597,2024-05-10 20:15:08.108108112,CUST656,Sweets,Thandai,17,436.67,7423.39,Delhi,Offline
INV1598,2024-05-11 13:48:49.729729728,CUST516,Water Guns,Small Pichkari,14,393.37,5507.18,Delhi,Online
INV1599,2024-05-12 07:22:31.351351352,CUST154,Colors,Gulal Red,9,287.84,2590.56,Kolkata,Online
INV1600,2024-05-13 00:56:12.972972976,CUST198,Accessories,Holi Cap,14,371.84,5205.76,Lucknow,Offline
INV1601,2024-05-13 18:29:54.594594600,CUST330,Colors,Gulal Yellow,1,440.47,440.47,Chennai,Offline
INV1602,2024-05-14 12:03:36.216216216,CUST801,Water Guns,Fancy Pichkari,19,208.03,3952.57,Jaipur,Online
INV1603,2024-05-15 05:37:17.837837840,CUST700,Colors,Gulal Yellow,13,170.25,2213.25,Lucknow,Online
INV1604,2024-05-15 23:10:59.459459464,CUST605,Sweets,Gujiya,13,337.12,4382.56,Mumbai,Offline
INV1605,2024-05-16 16:44:41.081081080,CUST600,Accessories,Holi Cap,4,405.84,1623.36,Kolkata,Online
INV1606,2024-05-17 10:18:22.702702704,CUST928,Water Guns,Large Pichkari,1,383.52,383.52,Delhi,Offline
INV1607,2024-05-18 03:52:04.324324328,CUST957,Water Guns,Large Pichkari,17,400.93,6815.81,Mumbai,Online
INV1608,2024-05-18 21:25:45.945945952,CUST744,Accessories,Color Spray,8,223.44,1787.52,Lucknow,Offline
INV1609,2024-05-19 14:59:27.567567568,CUST898,Accessories,Color Spray,2,410.74,821.48,Delhi,Offline
INV1610,2024-05-20 08:33:09.189189192,CUST686,Sweets,Ladoo,8,68.9,551.2,Lucknow,Online
INV1611,2024-05-21 02:06:50.810810816,CUST694,Sweets,Thandai,7,276.8,1937.6,Lucknow,Online
INV1612,2024-05-21 19:40:32.432432432,CUST684,Sweets,Gujiya,2,12.82,25.64,Chennai,Offline
INV1613,2024-05-22 13:14:14.054054056,CUST445,Sweets,Gujiya,3,169.05,507.15,Delhi,Offline
INV1614,2024-05-23 06:47:55.675675680,CUST923,Sweets,Thandai,18,189.57,3412.26,Jaipur,Online
INV1615,2024-05-24 00:21:37.297297296,CUST365,Accessories,Holi Cap,12,204.12,2449.44,Chennai,Offline
INV1616,2024-05-24 17:55:18.918918920,CUST255,Accessories,Color Spray,1,350.78,350.78,Mumbai,Offline
INV1617,2024-05-25 11:29:00.540540544,CUST258,Accessories,Holi Cap,12,200.39,2404.68,Chennai,Online
INV1618,2024-05-26 05:02:42.162162168,CUST535,Sweets,Ladoo,5,229.86,1149.3,Mumbai,Offline
INV1619,2024-05-26 22:36:23.783783784,CUST652,Colors,Gulal Yellow,17,126.4,2148.8,Chennai,Online
INV1620,2024-05-27 16:10:05.405405408,CUST738,Sweets,Thandai,16,192.89,3086.24,Lucknow,Offline
INV1621,2024-05-28 09:43:47.027027032,CUST737,Colors,Gulal Yellow,15,121.36,1820.4,Lucknow,Online
INV1622,2024-05-29 03:17:28.648648648,CUST189,Colors,Gulal Green,15,45.87,688.05,Mumbai,Online
INV1623,2024-05-29 20:51:10.270270272,CUST704,Accessories,Holi Cap,5,305.69,1528.45,Mumbai,Online
INV1624,2024-05-30 14:24:51.891891896,CUST760,Water Guns,Large Pichkari,14,337.42,4723.88,Chennai,Online
INV1625,2024-05-31 07:58:33.513513512,CUST839,Colors,Gulal Green,2,313.55,627.1,Chennai,Online
INV1626,2024-06-01 01:32:15.135135136,CUST101,Sweets,Thandai,11,237.11,2608.21,Kolkata,Offline
INV1627,2024-06-01 19:05:56.756756760,CUST395,Water Guns,Fancy Pichkari,19,196.1,3725.9,Lucknow,Offline
INV1628,2024-06-02 12:39:38.378378384,CUST512,Accessories,Holi Cap,7,433.03,3031.21,Kolkata,Offline
INV1629,2024-06-03 06:13:20.000000000,CUST498,Colors,Gulal Yellow,6,264.35,1586.1,Delhi,Offline
INV1630,2024-06-03 23:47:01.621621624,CUST129,Sweets,Gujiya,2,244.8,489.6,Kolkata,Online
INV1631,2024-06-04 17:20:43.243243248,CUST558,Accessories,Holi Cap,6,22.56,135.36,Lucknow,Offline
INV1632,2024-06-05 10:54:24.864864864,CUST338,Sweets,Gujiya,18,177.21,3189.78,Jaipur,Offline
INV1633,2024-06-06 04:28:06.486486488,CUST830,Colors,Gulal Yellow,2,196.3,392.6,Chennai,Online
INV1634,2024-06-06 22:01:48.108108112,CUST214,Colors,Herbal Colors,18,205.42,3697.56,Jaipur,Online
INV1635,2024-06-07 15:35:29.729729728,CUST190,Sweets,Ladoo,15,294.28,4414.2,Delhi,Offline
INV1636,2024-06-08 09:09:11.351351352,CUST106,Accessories,Water Balloons,19,271.47,5157.93,Jaipur,Offline
INV1637,2024-06-09 02:42:52.972972976,CUST896,Accessories,Color Spray,2,307.87,615.74,Chennai,Offline
INV1638,2024-06-09 20:16:34.594594600,CUST710,Sweets,Thandai,6,384.79,2308.74,Delhi,Offline
INV1639,2024-06-10 13:50:16.216216216,CUST131,Sweets,Gujiya,1,408.36,408.36,Chennai,Offline
INV1640,2024-06-11 07:23:57.837837840,CUST429,Colors,Herbal Colors,15,361.88,5428.2,Mumbai,Offline
INV1641,2024-06-12 00:57:39.459459464,CUST896,Accessories,Holi Cap,10,478.21,4782.1,Lucknow,Offline
INV1642,2024-06-12 18:31:21.081081080,CUST279,Water Guns,Small Pichkari,19,18.93,359.67,Kolkata,Online
INV1643,2024-06-13 12:05:02.702702704,CUST377,Sweets,Thandai,17,105.93,1800.81,Lucknow,Offline
INV1644,2024-06-14 05:38:44.324324328,CUST698,Colors,Gulal Green,5,13.71,68.55,Delhi,Offline
INV1645,2024-06-14 23:12:25.945945952,CUST931,Sweets,Gujiya,4,327.26,1309.04,Delhi,Offline
INV1646,2024-06-15 16:46:07.567567568,CUST909,Colors,Gulal Red,10,450.03,4500.3,Mumbai,Offline
INV1647,2024-06-16 10:19:49.189189192,CUST627,Colors,Gulal Red,17,129.31,2198.27,Lucknow,Offline
INV1648,2024-06-17 03:53:30.810810816,CUST517,Sweets,Ladoo,10,464.25,4642.5,Lucknow,Online
INV1649,2024-06-17 21:27:12.432432432,CUST935,Sweets,Thandai,17,39.53,672.01,Lucknow,Online
INV1650,2024-06-18 15:00:54.054054056,CUST242,Sweets,Ladoo,5,467.87,2339.35,Lucknow,Offline
INV1651,2024-06-19 08:34:35.675675680,CUST424,Colors,Gulal Green,2,182.3,364.6,Chennai,Offline
INV1652,2024-06-20 02:08:17.297297296,CUST225,Accessories,Holi Cap,6,59.7,358.2,Jaipur,Offline
INV1653,2024-06-20 19:41:58.918918920,CUST651,Sweets,Ladoo,2,248.08,496.16,Mumbai,Online
INV1654,2024-06-21 13:15:40.540540544,CUST232,Accessories,Water Balloons,13,135.82,1765.66,Mumbai,Online
INV1655,2024-06-22 06:49:22.162162168,CUST332,Sweets,Thandai,11,149.59,1645.49,Chennai,Online
INV1656,2024-06-23 00:23:03.783783784,CUST246,Water Guns,Small Pichkari,11,160.57,1766.27,Kolkata,Online
INV1657,2024-06-23 17:56:45.405405408,CUST196,Sweets,Ladoo,16,403.48,6455.68,Chennai,Online
INV1658,2024-06-24 11:30:27.027027032,CUST760,Accessories,Holi Cap,11,274.19,3016.09,Delhi,Offline
INV1659,2024-06-25 05:04:08.648648648,CUST981,Sweets,Ladoo,19,162.54,3088.26,Kolkata,Online
INV1660,2024-06-25 22:37:50.270270272,CUST291,Colors,Herbal Colors,15,309.06,4635.9,Delhi,Online
INV1661,2024-06-26 16:11:31.891891896,CUST177,Accessories,Water Balloons,16,360.91,5774.56,Jaipur,Online
INV1662,2024-06-27 09:45:13.513513512,CUST152,Sweets,Ladoo,11,143.59,1579.49,Lucknow,Offline
INV1663,2024-06-28 03:18:55.135135136,CUST533,Water Guns,Large Pichkari,16,212.64,3402.24,Kolkata,Online
INV1664,2024-06-28 20:52:36.756756760,CUST559,Water Guns,Large Pichkari,8,69.72,557.76,Jaipur,Online
INV1665,2024-06-29 14:26:18.378378384,CUST961,Sweets,Thandai,4,98.76,395.04,Jaipur,Online
INV1666,2024-06-30 08:00:00.000000000,CUST550,Colors,Gulal Red,8,343.75,2750.0,Chennai,Online
INV1667,2024-07-01 01:33:41.621621624,CUST414,Sweets,Thandai,4,98.9,395.6,Mumbai,Online
INV1668,2024-07-01 19:07:23.243243248,CUST720,Sweets,Thandai,3,267.33,801.99,Chennai,Offline
INV1669,2024-07-02 12:41:04.864864864,CUST153,Accessories,Holi Cap,3,357.43,1072.29,Delhi,Online
INV1670,2024-07-03 06:14:46.486486488,CUST143,Sweets,Gujiya,18,62.37,1122.66,Jaipur,Offline
INV1671,2024-07-03 23:48:28.108108112,CUST584,Water Guns,Fancy Pichkari,19,287.98,5471.62,Lucknow,Online
INV1672,2024-07-04 17:22:09.729729728,CUST946,Sweets,Ladoo,19,135.72,2578.68,Mumbai,Offline
INV1673,2024-07-05 10:55:51.351351352,CUST431,Water Guns,Small Pichkari,5,481.83,2409.15,Delhi,Offline
INV1674,2024-07-06 04:29:32.972972976,CUST402,Colors,Gulal Red,18,246.94,4444.92,Lucknow,Offline
INV1675,2024-07-06 22:03:14.594594600,CUST514,Water Guns,Small Pichkari,10,404.94,4049.4,Mumbai,Online
INV1676,2024-07-07 15:36:56.216216216,CUST896,Sweets,Ladoo,6,279.61,1677.66,Delhi,Online
INV1677,2024-07-08 09:10:37.837837840,CUST633,Water Guns,Small Pichkari,1,31.27,31.27,Kolkata,Offline
INV1678,2024-07-09 02:44:19.459459464,CUST631,Colors,Herbal Colors,5,320.24,1601.2,Kolkata,Online
INV1679,2024-07-09 20:18:01.081081080,CUST549,Water Guns,Small Pichkari,9,476.19,4285.71,Chennai,Online
INV1680,2024-07-10 13:51:42.702702704,CUST555,Colors,Gulal Green,12,304.79,3657.48,Jaipur,Offline
INV1681,2024-07-11 07:25:24.324324328,CUST851,Accessories,Holi Cap,14,411.4,5759.6,Mumbai,Offline
INV1682,2024-07-12 00:59:05.945945952,CUST544,Colors,Gulal Yellow,2,443.26,886.52,Jaipur,Online
INV1683,2024-07-12 18:32:47.567567568,CUST962,Water Guns,Large Pichkari,17,121.76,2069.92,Kolkata,Offline
INV1684,2024-07-13 12:06:29.189189192,CUST426,Colors,Gulal Green,14,113.9,1594.6,Chennai,Online
INV1685,2024-07-14 05:40:10.810810816,CUST831,Accessories,Water Balloons,13,309.38,4021.94,Chennai,Offline
INV1686,2024-07-14 23:13:52.432432432,CUST353,Colors,Gulal Red,9,211.4,1902.6,Delhi,Offline
INV1687,2024-07-15 16:47:34.054054056,CUST689,Sweets,Ladoo,15,421.53,6322.95,Chennai,Online
INV1688,2024-07-16 10:21:15.675675680,CUST754,Colors,Gulal Green,15,451.01,6765.15,Mumbai,Offline
INV1689,2024-07-17 03:54:57.297297296,CUST922,Water Guns,Large Pichkari,11,183.18,2014.98,Lucknow,Online
INV1690,2024-07-17 21:28:38.918918920,CUST636,Colors,Gulal Red,16,126.07,2017.12,Jaipur,Offline
INV1691,2024-07-18 15:02:20.540540544,CUST118,Accessories,Color Spray,17,392.46,6671.82,Kolkata,Online
INV1692,2024-07-19 08:36:02.162162168,CUST224,Water Guns,Fancy Pichkari,4,144.65,578.6,Lucknow,Online
INV1693,2024-07-20 02:09:43.783783784,CUST822,Colors,Gulal Green,1,413.08,413.08,Mumbai,Online
INV1694,2024-07-20 19:43:25.405405408,CUST284,Water Guns,Fancy Pichkari,8,217.63,1741.04,Mumbai,Offline
INV1695,2024-07-21 13:17:07.027027032,CUST188,Water Guns,Fancy Pichkari,17,337.1,5730.7,Lucknow,Offline
INV1696,2024-07-22 06:50:48.648648648,CUST939,Colors,Herbal Colors,3,56.81,170.43,Jaipur,Online
INV1697,2024-07-23 00:24:30.270270272,CUST736,Colors,Gulal Yellow,15,315.69,4735.35,Kolkata,Offline
INV1698,2024-07-23 17:58:11.891891896,CUST474,Accessories,Color Spray,15,231.37,3470.55,Mumbai,Offline
INV1699,2024-07-24 11:31:53.513513512,CUST544,Accessories,Color Spray,14,297.44,4164.16,Delhi,Offline
INV1700,2024-07-25 05:05:35.135135136,CUST294,Accessories,Water Balloons,14,92.33,1292.62,Chennai,Offline
INV1701,2024-07-25 22:39:16.756756760,CUST797,Sweets,Gujiya,2,371.07,742.14,Jaipur,Offline
INV1702,2024-07-26 16:12:58.378378384,CUST202,Sweets,Ladoo,13,432.77,5626.01,Delhi,Online
INV1703,2024-07-27 09:46:40.000000000,CUST694,Sweets,Gujiya,14,116.2,1626.8,Lucknow,Online
INV1704,2024-07-28 03:20:21.621621624,CUST415,Accessories,Color Spray,19,56.9,1081.1,Lucknow,Online
INV1705,2024-07-28 20:54:03.243243248,CUST883,Water Guns,Large Pichkari,7,21.58,151.06,Kolkata,Online
INV1706,2024-07-29 14:27:44.864864864,CUST485,Water Guns,Small Pichkari,3,324.57,973.71,Jaipur,Offline
INV1707,2024-07-30 08:01:26.486486488,CUST928,Sweets,Gujiya,15,307.48,4612.2,Delhi,Online
INV1708,2024-07-31 01:35:08.108108112,CUST656,Colors,Herbal Colors,14,277.88,3890.32,Jaipur,Offline
INV1709,2024-07-31 19:08:49.729729736,CUST961,Accessories,Water Balloons,11,123.65,1360.15,Mumbai,Online
INV1710,2024-08-01 12:42:31.351351352,CUST698,Sweets,Gujiya,15,201.54,3023.1,Jaipur,Offline
INV1711,2024-08-02 06:16:12.972972976,CUST129,Accessories,Color Spray,13,301.29,3916.77,Lucknow,Offline
INV1712,2024-08-02 23:49:54.594594600,CUST984,Accessories,Holi Cap,18,253.42,4561.56,Delhi,Offline
INV1713,2024-08-03 17:23:36.216216216,CUST995,Sweets,Gujiya,6,494.01,2964.06,Kolkata,Online
INV1714,2024-08-04 10:57:17.837837840,CUST329,Water Guns,Fancy Pichkari,3,76.86,230.58,Kolkata,Online
INV1715,2024-08-05 04:30:59.459459464,CUST940,Accessories,Color Spray,19,350.62,6661.78,Kolkata,Offline
INV1716,2024-08-05 22:04:41.081081080,CUST156,Accessories,Water Balloons,15,208.12,3121.8,Kolkata,Online
INV1717,2024-08-06 15:38:22.702702704,CUST261,Sweets,Gujiya,5,219.82,1099.1,Jaipur,Offline
INV1718,2024-08-07 09:12:04.324324328,CUST815,Water Guns,Large Pichkari,10,361.62,3616.2,Chennai,Offline
INV1719,2024-08-08 02:45:45.945945952,CUST785,Water Guns,Small Pichkari,7,349.29,2445.03,Lucknow,Online
INV1720,2024-08-08 20:19:27.567567568,CUST364,Sweets,Ladoo,17,495.72,8427.24,Lucknow,Online
INV1721,2024-08-09 13:53:09.189189192,CUST215,Colors,Gulal Yellow,7,72.91,510.37,Mumbai,Offline
INV1722,2024-08-10 07:26:50.810810816,CUST340,Accessories,Holi Cap,12,61.01,732.12,Mumbai,Offline
INV1723,2024-08-11 01:00:32.432432432,CUST522,Accessories,Water Balloons,17,364.93,6203.81,Jaipur,Online
INV1724,2024-08-11 18:34:14.054054056,CUST703,Accessories,Color Spray,13,293.41,3814.33,Lucknow,Online
INV1725,2024-08-12 12:07:55.675675680,CUST800,Sweets,Gujiya,4,144.34,577.36,Chennai,Offline
INV1726,2024-08-13 05:41:37.297297296,CUST594,Water Guns,Large Pichkari,10,48.92,489.2,Delhi,Offline
INV1727,2024-08-13 23:15:18.918918920,CUST625,Water Guns,Large Pichkari,3,51.97,155.91,Kolkata,Online
INV1728,2024-08-14 16:49:00.540540544,CUST422,Colors,Gulal Yellow,9,448.15,4033.35,Kolkata,Online
INV1729,2024-08-15 10:22:42.162162168,CUST682,Water Guns,Fancy Pichkari,13,104.01,1352.13,Jaipur,Online
INV1730,2024-08-16 03:56:23.783783784,CUST115,Accessories,Holi Cap,18,168.45,3032.1,Lucknow,Online
INV1731,2024-08-16 21:30:05.405405408,CUST181,Colors,Gulal Red,15,121.06,1815.9,Delhi,Online
INV1732,2024-08-17 15:03:47.027027032,CUST857,Colors,Gulal Green,4,183.95,735.8,Jaipur,Offline
INV1733,2024-08-18 08:37:28.648648648,CUST808,Water Guns,Fancy Pichkari,15,44.02,660.3,Kolkata,Online
INV1734,2024-08-19 02:11:10.270270272,CUST643,Accessories,Water Balloons,2,264.34,528.68,Mumbai,Offline
INV1735,2024-08-19 19:44:51.891891896,CUST281,Water Guns,Fancy Pichkari,15,43.13,646.95,Mumbai,Offline
INV1736,2024-08-20 13:18:33.513513520,CUST600,Sweets,Ladoo,8,402.17,3217.36,Jaipur,Offline
INV1737,2024-08-21 06:52:15.135135136,CUST869,Colors,Gulal Green,8,124.52,996.16,Mumbai,Offline
INV1738,2024-08-22 00:25:56.756756760,CUST738,Water Guns,Small Pichkari,17,274.61,4668.37,Mumbai,Offline
INV1739,2024-08-22 17:59:38.378378384,CUST807,Sweets,Ladoo,12,441.24,5294.88,Mumbai,Offline
INV1740,2024-08-23 11:33:20.000000000,CUST802,Water Guns,Large Pichkari,19,328.93,6249.67,Jaipur,Offline
INV1741,2024-08-24 05:07:01.621621624,CUST602,Sweets,Ladoo,10,271.15,2711.5,Kolkata,Offline
INV1742,2024-08-24 22:40:43.243243248,CUST720,Colors,Gulal Red,9,168.92,1520.28,Chennai,Online
INV1743,2024-08-25 16:14:24.864864864,CUST381,Water Guns,Large Pichkari,5,173.17,865.85,Chennai,Online
INV1744,2024-08-26 09:48:06.486486488,CUST732,Water Guns,Fancy Pichkari,6,338.05,2028.3,Chennai,Online
INV1745,2024-08-27 03:21:48.108108112,CUST275,Sweets,Ladoo,2,497.13,994.26,Mumbai,Online
INV1746,2024-08-27 20:55:29.729729736,CUST802,Colors,Gulal Yellow,13,334.3,4345.9,Delhi,Offline
INV1747,2024-08-28 14:29:11.351351352,CUST945,Water Guns,Fancy Pichkari,6,283.31,1699.86,Mumbai,Offline
INV1748,2024-08-29 08:02:52.972972976,CUST775,Accessories,Water Balloons,5,368.02,1840.1,Lucknow,Online
INV1749,2024-08-30 01:36:34.594594600,CUST554,Accessories,Color Spray,1,237.95,237.95,Mumbai,Offline
INV1750,2024-08-30 19:10:16.216216216,CUST310,Sweets,Gujiya,6,39.47,236.82,Jaipur,Online
INV1751,2024-08-31 12:43:57.837837840,CUST620,Colors,Gulal Green,6,285.53,1713.18,Kolkata,Offline
INV1752,2024-09-01 06:17:39.459459464,CUST509,Colors,Gulal Yellow,16,479.24,7667.84,Lucknow,Offline
INV1753,2024-09-01 23:51:21.081081080,CUST716,Colors,Gulal Yellow,4,95.9,383.6,Jaipur,Online
INV1754,2024-09-02 17:25:02.702702704,CUST587,Sweets,Thandai,11,348.1,3829.1,Chennai,Online
INV1755,2024-09-03 10:58:44.324324328,CUST661,Colors,Gulal Green,9,108.46,976.14,Jaipur,Online
INV1756,2024-09-04 04:32:25.945945952,CUST561,Colors,Herbal Colors,3,272.56,817.68,Jaipur,Offline
INV1757,2024-09-04 22:06:07.567567568,CUST462,Accessories,Holi Cap,19,57.37,1090.03,Jaipur,Offline
INV1758,2024-09-05 15:39:49.189189192,CUST570,Water Guns,Fancy Pichkari,8,230.68,1845.44,Delhi,Offline
INV1759,2024-09-06 09:13:30.810810816,CUST702,Water Guns,Fancy Pichkari,5,380.52,1902.6,Jaipur,Offline
INV1760,2024-09-07 02:47:12.432432432,CUST956,Sweets,Ladoo,4,180.31,721.24,Chennai,Online
INV1761,2024-09-07 20:20:54.054054056,CUST525,Colors,Gulal Red,6,335.81,2014.86,Kolkata,Online
INV1762,2024-09-08 13:54:35.675675680,CUST757,Accessories,Color Spray,2,399.77,799.54,Kolkata,Online
INV1763,2024-09-09 07:28:17.297297296,CUST493,Sweets,Ladoo,11,464.32,5107.52,Delhi,Offline
INV1764,2024-09-10 01:01:58.918918920,CUST169,Water Guns,Small Pichkari,4,124.97,499.88,Mumbai,Online
INV1765,2024-09-10 18:35:40.540540544,CUST375,Sweets,Gujiya,15,205.66,3084.9,Chennai,Offline
INV1766,2024-09-11 12:09:22.162162168,CUST297,Sweets,Ladoo,6,84.68,508.08,Lucknow,Online
INV1767,2024-09-12 05:43:03.783783784,CUST971,Sweets,Ladoo,17,496.32,8437.44,Lucknow,Offline
INV1768,2024-09-12 23:16:45.405405408,CUST160,Colors,Herbal Colors,6,464.23,2785.38,Mumbai,Offline
INV1769,2024-09-13 16:50:27.027027032,CUST429,Colors,Gulal Red,19,274.58,5217.02,Kolkata,Offline
INV1770,2024-09-14 10:24:08.648648648,CUST381,Water Guns,Small Pichkari,2,422.6,845.2,Chennai,Offline
INV1771,2024-09-15 03:57:50.270270272,CUST790,Accessories,Water Balloons,15,265.27,3979.05,Kolkata,Online
INV1772,2024-09-15 21:31:31.891891896,CUST217,Sweets,Thandai,11,315.56,3471.16,Delhi,Offline
INV1773,2024-09-16 15:05:13.513513520,CUST445,Accessories,Color Spray,8,53.67,429.36,Kolkata,Offline
INV1774,2024-09-17 08:38:55.135135136,CUST471,Sweets,Thandai,19,380.08,7221.52,Kolkata,Offline
INV1775,2024-09-18 02:12:36.756756760,CUST296,Sweets,Gujiya,13,72.58,943.54,Lucknow,Offline
INV1776,2024-09-18 19:46:18.378378384,CUST635,Colors,Gulal Green,12,414.77,4977.24,Chennai,Offline
INV1777,2024-09-19 13:20:00.000000000,CUST868,Colors,Gulal Yellow,5,393.19,1965.95,Kolkata,Offline
INV1778,2024-09-20 06:53:41.621621624,CUST347,Accessories,Water Balloons,6,357.28,2143.68,Lucknow,Offline
INV1779,2024-09-21 00:27:23.243243248,CUST563,Water Guns,Small Pichkari,4,27.72,110.88,Delhi,Offline
INV1780,2024-09-21 18:01:04.864864864,CUST879,Accessories,Water Balloons,19,158.53,3012.07,Mumbai,Online
INV1781,2024-09-22 11:34:46.486486488,CUST834,Water Guns,Large Pichkari,1,138.93,138.93,Mumbai,Offline
INV1782,2024-09-23 05:08:28.108108112,CUST992,Water Guns,Large Pichkari,17,186.47,3169.99,Mumbai,Offline
INV1783,2024-09-23 22:42:09.729729736,CUST731,Sweets,Ladoo,12,52.94,635.28,Chennai,Online
INV1784,2024-09-24 16:15:51.351351352,CUST380,Sweets,Thandai,15,469.11,7036.65,Delhi,Offline
INV1785,2024-09-25 09:49:32.972972976,CUST234,Colors,Gulal Green,1,281.36,281.36,Chennai,Online
INV1786,2024-09-26 03:23:14.594594600,CUST320,Accessories,Holi Cap,14,159.71,2235.94,Kolkata,Online
INV1787,2024-09-26 20:56:56.216216216,CUST469,Sweets,Gujiya,6,204.52,1227.12,Mumbai,Offline
INV1788,2024-09-27 14:30:37.837837840,CUST783,Colors,Gulal Yellow,5,229.13,1145.65,Mumbai,Online
INV1789,2024-09-28 08:04:19.459459464,CUST802,Colors,Gulal Yellow,11,304.29,3347.19,Lucknow,Offline
INV1790,2024-09-29 01:38:01.081081080,CUST485,Accessories,Color Spray,4,262.68,1050.72,Delhi,Online
INV1791,2024-09-29 19:11:42.702702704,CUST219,Colors,Gulal Green,13,460.5,5986.5,Mumbai,Offline
INV1792,2024-09-30 12:45:24.324324328,CUST775,Colors,Herbal Colors,11,253.51,2788.61,Mumbai,Online
INV1793,2024-10-01 06:19:05.945945952,CUST901,Accessories,Holi Cap,3,496.16,1488.48,Jaipur,Online
INV1794,2024-10-01 23:52:47.567567568,CUST662,Accessories,Holi Cap,1,427.2,427.2,Chennai,Online
INV1795,2024-10-02 17:26:29.189189192,CUST125,Colors,Gulal Yellow,6,112.17,673.02,Chennai,Offline
INV1796,2024-10-03 11:00:10.810810816,CUST650,Colors,Gulal Red,18,465.99,8387.82,Kolkata,Online
INV1797,2024-10-04 04:33:52.432432432,CUST232,Water Guns,Fancy Pichkari,10,67.02,670.2,Mumbai,Online
INV1798,2024-10-04 22:07:34.054054056,CUST953,Sweets,Ladoo,5,410.55,2052.75,Mumbai,Online
INV1799,2024-10-05 15:41:15.675675680,CUST650,Water Guns,Fancy Pichkari,10,196.51,1965.1,Jaipur,Offline
INV1800,2024-10-06 09:14:57.297297296,CUST904,Accessories,Color Spray,12,440.21,5282.52,Mumbai,Online
INV1801,2024-10-07 02:48:38.918918920,CUST985,Accessories,Color Spray,2,435.35,870.7,Kolkata,Offline
INV1802,2024-10-07 20:22:20.540540544,CUST518,Sweets,Gujiya,13,404.9,5263.7,Lucknow,Online
INV1803,2024-10-08 13:56:02.162162168,CUST222,Colors,Gulal Yellow,8,397.11,3176.88,Mumbai,Offline
INV1804,2024-10-09 07:29:43.783783784,CUST730,Water Guns,Fancy Pichkari,2,159.29,318.58,Mumbai,Online
INV1805,2024-10-10 01:03:25.405405408,CUST700,Colors,Gulal Green,1,49.65,49.65,Chennai,Online
INV1806,2024-10-10 18:37:07.027027032,CUST140,Sweets,Gujiya,5,207.46,1037.3,Jaipur,Online
INV1807,2024-10-11 12:10:48.648648648,CUST830,Accessories,Water Balloons,9,95.03,855.27,Kolkata,Online
INV1808,2024-10-12 05:44:30.270270272,CUST845,Accessories,Color Spray,17,350.53,5959.01,Delhi,Online
INV1809,2024-10-12 23:18:11.891891896,CUST794,Sweets,Gujiya,9,179.59,1616.31,Kolkata,Offline
INV1810,2024-10-13 16:51:53.513513520,CUST176,Sweets,Thandai,11,488.05,5368.55,Jaipur,Offline
INV1811,2024-10-14 10:25:35.135135136,CUST324,Colors,Gulal Green,15,324.08,4861.2,Lucknow,Offline
INV1812,2024-10-15 03:59:16.756756760,CUST470,Sweets,Thandai,6,413.02,2478.12,Mumbai,Offline
INV1813,2024-10-15 21:32:58.378378384,CUST476,Water Guns,Small Pichkari,3,74.94,224.82,Kolkata,Online
INV1814,2024-10-16 15:06:40.000000000,CUST609,Colors,Herbal Colors,17,432.39,7350.63,Lucknow,Offline
INV1815,2024-10-17 08:40:21.621621624,CUST647,Water Guns,Small Pichkari,5,462.15,2310.75,Jaipur,Online
INV1816,2024-10-18 02:14:03.243243248,CUST634,Colors,Gulal Red,12,248.66,2983.92,Kolkata,Offline
INV1817,2024-10-18 19:47:44.864864864,CUST715,Water Guns,Fancy Pichkari,18,307.06,5527.08,Lucknow,Online
INV1818,2024-10-19 13:21:26.486486488,CUST468,Accessories,Water Balloons,14,384.76,5386.64,Mumbai,Online
INV1819,2024-10-20 06:55:08.108108112,CUST646,Colors,Herbal Colors,11,95.67,1052.37,Kolkata,Offline
INV1820,2024-10-21 00:28:49.729729736,CUST153,Sweets,Thandai,9,256.26,2306.34,Delhi,Offline
INV1821,2024-10-21 18:02:31.351351352,CUST428,Colors,Gulal Green,2,205.34,410.68,Lucknow,Online
INV1822,2024-10-22 11:36:12.972972976,CUST975,Water Guns,Fancy Pichkari,12,81.72,980.64,Kolkata,Online
INV1823,2024-10-23 05:09:54.594594600,CUST624,Accessories,Water Balloons,3,190.09,570.27,Jaipur,Offline
INV1824,2024-10-23 22:43:36.216216216,CUST288,Water Guns,Fancy Pichkari,3,43.4,130.2,Chennai,Online
INV1825,2024-10-24 16:17:17.837837840,CUST835,Accessories,Color Spray,1,22.65,22.65,Kolkata,Offline
INV1826,2024-10-25 09:50:59.459459464,CUST553,Sweets,Gujiya,8,76.23,609.84,Kolkata,Online
INV1827,2024-10-26 03:24:41.081081080,CUST266,Water Guns,Large Pichkari,8,481.93,3855.44,Chennai,Offline
INV1828,2024-10-26 20:58:22.702702704,CUST349,Colors,Gulal Green,11,279.27,3071.97,Kolkata,Online
INV1829,2024-10-27 14:32:04.324324328,CUST723,Colors,Herbal Colors,9,483.25,4349.25,Kolkata,Offline
INV1830,2024-10-28 08:05:45.945945952,CUST240,Colors,Gulal Yellow,5,221.92,1109.6,Delhi,Online
INV1831,2024-10-29 01:39:27.567567568,CUST176,Colors,Herbal Colors,14,162.79,2279.06,Delhi,Offline
INV1832,2024-10-29 19:13:09.189189192,CUST380,Water Guns,Fancy Pichkari,3,258.01,774.03,Chennai,Offline
INV1833,2024-10-30 12:46:50.810810816,CUST177,Water Guns,Small Pichkari,5,225.36,1126.8,Mumbai,Offline
INV1834,2024-10-31 06:20:32.432432432,CUST949,Colors,Herbal Colors,5,61.78,308.9,Delhi,Offline
INV1835,2024-10-31 23:54:14.054054056,CUST769,Accessories,Water Balloons,19,324.0,6156.0,Lucknow,Online
INV1836,2024-11-01 17:27:55.675675680,CUST457,Sweets,Ladoo,14,115.86,1622.04,Jaipur,Offline
INV1837,2024-11-02 11:01:37.297297304,CUST458,Water Guns,Small Pichkari,4,313.6,1254.4,Lucknow,Offline
INV1838,2024-11-03 04:35:18.918918920,CUST100,Accessories,Holi Cap,13,328.6,4271.8,Kolkata,Online
INV1839,2024-11-03 22:09:00.540540544,CUST913,Water Guns,Fancy Pichkari,10,84.49,844.9,Mumbai,Offline
INV1840,2024-11-04 15:42:42.162162168,CUST425,Accessories,Water Balloons,18,40.06,721.08,Mumbai,Offline
INV1841,2024-11-05 09:16:23.783783784,CUST146,Accessories,Water Balloons,8,392.57,3140.56,Lucknow,Offline
INV1842,2024-11-06 02:50:05.405405408,CUST337,Water Guns,Large Pichkari,8,235.3,1882.4,Lucknow,Offline
INV1843,2024-11-06 20:23:47.027027032,CUST158,Sweets,Gujiya,7,38.5,269.5,Lucknow,Offline
INV1844,2024-11-07 13:57:28.648648648,CUST458,Water Guns,Small Pichkari,8,497.48,3979.84,Lucknow,Offline
INV1845,2024-11-08 07:31:10.270270272,CUST182,Sweets,Ladoo,14,38.31,536.34,Chennai,Online
INV1846,2024-11-09 01:04:51.891891896,CUST898,Water Guns,Large Pichkari,19,350.57,6660.83,Chennai,Online
INV1847,2024-11-09 18:38:33.513513520,CUST586,Sweets,Ladoo,6,492.0,2952.0,Delhi,Offline
INV1848,2024-11-10 12:12:15.135135136,CUST388,Sweets,Thandai,1,127.2,127.2,Delhi,Offline
INV1849,2024-11-11 05:45:56.756756760,CUST135,Water Guns,Large Pichkari,15,79.7,1195.5,Jaipur,Offline
INV1850,2024-11-11 23:19:38.378378384,CUST401,Sweets,Gujiya,1,69.48,69.48,Delhi,Offline
INV1851,2024-11-12 16:53:20.000000000,CUST225,Water Guns,Large Pichkari,17,158.6,2696.2,Jaipur,Offline
INV1852,2024-11-13 10:27:01.621621624,CUST227,Accessories,Water Balloons,1,59.51,59.51,Kolkata,Offline
INV1853,2024-11-14 04:00:43.243243248,CUST622,Colors,Herbal Colors,15,349.16,5237.4,Lucknow,Online
INV1854,2024-11-14 21:34:24.864864864,CUST756,Accessories,Holi Cap,2,40.52,81.04,Kolkata,Offline
INV1855,2024-11-15 15:08:06.486486488,CUST380,Colors,Gulal Yellow,14,259.62,3634.68,Delhi,Offline
INV1856,2024-11-16 08:41:48.108108112,CUST797,Water Guns,Small Pichkari,8,498.38,3987.04,Chennai,Online
INV1857,2024-11-17 02:15:29.729729736,CUST983,Accessories,Holi Cap,8,408.85,3270.8,Jaipur,Online
INV1858,2024-11-17 19:49:11.351351352,CUST673,Water Guns,Large Pichkari,19,311.46,5917.74,Jaipur,Online
INV1859,2024-11-18 13:22:52.972972976,CUST785,Water Guns,Small Pichkari,7,160.06,1120.42,Lucknow,Online
INV1860,2024-11-19 06:56:34.594594600,CUST259,Colors,Gulal Red,19,315.71,5998.49,Mumbai,Online
INV1861,2024-11-20 00:30:16.216216216,CUST149,Colors,Herbal Colors,6,268.25,1609.5,Mumbai,Offline
INV1862,2024-11-20 18:03:57.837837840,CUST903,Colors,Gulal Yellow,6,218.78,1312.68,Delhi,Offline
INV1863,2024-11-21 11:37:39.459459464,CUST418,Accessories,Holi Cap,3,74.05,222.15,Mumbai,Offline
INV1864,2024-11-22 05:11:21.081081088,CUST608,Accessories,Holi Cap,7,444.44,3111.08,Jaipur,Online
INV1865,2024-11-22 22:45:02.702702704,CUST469,Sweets,Thandai,19,230.39,4377.41,Mumbai,Online
INV1866,2024-11-23 16:18:44.324324328,CUST710,Water Guns,Fancy Pichkari,8,105.37,842.96,Lucknow,Offline
INV1867,2024-11-24 09:52:25.945945952,CUST748,Accessories,Holi Cap,10,190.2,1902.0,Mumbai,Online
INV1868,2024-11-25 03:26:07.567567568,CUST365,Accessories,Water Balloons,15,212.92,3193.8,Kolkata,Online
INV1869,2024-11-25 20:59:49.189189192,CUST480,Sweets,Thandai,15,415.49,6232.35,Kolkata,Offline
INV1870,2024-11-26 14:33:30.810810816,CUST348,Sweets,Thandai,1,369.47,369.47,Jaipur,Offline
INV1871,2024-11-27 08:07:12.432432432,CUST240,Water Guns,Large Pichkari,7,386.96,2708.72,Delhi,Offline
INV1872,2024-11-28 01:40:54.054054056,CUST103,Colors,Gulal Green,4,15.41,61.64,Chennai,Offline
INV1873,2024-11-28 19:14:35.675675680,CUST397,Sweets,Ladoo,6,213.92,1283.52,Jaipur,Offline
INV1874,2024-11-29 12:48:17.297297304,CUST487,Accessories,Color Spray,1,245.86,245.86,Lucknow,Online
INV1875,2024-11-30 06:21:58.918918920,CUST707,Colors,Herbal Colors,5,19.4,97.0,Chennai,Offline
INV1876,2024-11-30 23:55:40.540540544,CUST313,Accessories,Color Spray,1,137.31,137.31,Kolkata,Online
INV1877,2024-12-01 17:29:22.162162168,CUST400,Colors,Herbal Colors,4,382.54,1530.16,Delhi,Offline
INV1878,2024-12-02 11:03:03.783783784,CUST670,Sweets,Gujiya,2,77.18,154.36,Mumbai,Offline
INV1879,2024-12-03 04:36:45.405405408,CUST646,Accessories,Holi Cap,10,272.3,2723.0,Kolkata,Offline
INV1880,2024-12-03 22:10:27.027027032,CUST579,Accessories,Water Balloons,5,115.45,577.25,Delhi,Offline
INV1881,2024-12-04 15:44:08.648648648,CUST241,Colors,Herbal Colors,10,15.94,159.4,Jaipur,Online
INV1882,2024-12-05 09:17:50.270270272,CUST595,Colors,Gulal Green,1,128.19,128.19,Delhi,Online
INV1883,2024-12-06 02:51:31.891891896,CUST879,Colors,Herbal Colors,6,488.18,2929.08,Mumbai,Offline
INV1884,2024-12-06 20:25:13.513513520,CUST124,Colors,Gulal Green,13,402.75,5235.75,Jaipur,Online
INV1885,2024-12-07 13:58:55.135135136,CUST950,Accessories,Holi Cap,15,480.19,7202.85,Chennai,Offline
INV1886,2024-12-08 07:32:36.756756760,CUST712,Water Guns,Fancy Pichkari,4,249.05,996.2,Lucknow,Online
INV1887,2024-12-09 01:06:18.378378384,CUST409,Accessories,Color Spray,13,63.77,829.01,Mumbai,Online
INV1888,2024-12-09 18:40:00.000000000,CUST386,Colors,Gulal Red,15,278.5,4177.5,Delhi,Online
INV1889,2024-12-10 12:13:41.621621624,CUST976,Accessories,Holi Cap,8,232.64,1861.12,Lucknow,Online
INV1890,2024-12-11 05:47:23.243243248,CUST797,Water Guns,Fancy Pichkari,5,423.73,2118.65,Mumbai,Offline
INV1891,2024-12-11 23:21:04.864864864,CUST728,Accessories,Holi Cap,15,58.06,870.9,Kolkata,Online
INV1892,2024-12-12 16:54:46.486486488,CUST615,Accessories,Water Balloons,4,249.24,996.96,Kolkata,Offline
INV1893,2024-12-13 10:28:28.108108112,CUST573,Colors,Gulal Yellow,12,83.52,1002.24,Kolkata,Offline
INV1894,2024-12-14 04:02:09.729729736,CUST442,Accessories,Water Balloons,13,169.09,2198.17,Delhi,Offline
INV1895,2024-12-14 21:35:51.351351352,CUST872,Accessories,Holi Cap,2,371.3,742.6,Lucknow,Online
INV1896,2024-12-15 15:09:32.972972976,CUST819,Accessories,Water Balloons,19,243.25,4621.75,Chennai,Offline
INV1897,2024-12-16 08:43:14.594594600,CUST932,Sweets,Thandai,19,194.19,3689.61,Kolkata,Online
INV1898,2024-12-17 02:16:56.216216216,CUST321,Accessories,Water Balloons,4,203.29,813.16,Mumbai,Offline
INV1899,2024-12-17 19:50:37.837837840,CUST969,Accessories,Water Balloons,4,235.13,940.52,Delhi,Offline
INV1900,2024-12-18 13:24:19.459459464,CUST490,Accessories,Holi Cap,11,394.66,4341.26,Lucknow,Offline
INV1901,2024-12-19 06:58:01.081081088,CUST331,Colors,Herbal Colors,5,447.12,2235.6,Lucknow,Online
INV1902,2024-12-20 00:31:42.702702704,CUST471,Water Guns,Fancy Pichkari,11,478.11,5259.21,Chennai,Offline
INV1903,2024-12-20 18:05:24.324324328,CUST453,Water Guns,Small Pichkari,10,395.58,3955.8,Lucknow,Online
INV1904,2024-12-21 11:39:05.945945952,CUST349,Accessories,Color Spray,8,164.55,1316.4,Mumbai,Offline
INV1905,2024-12-22 05:12:47.567567568,CUST846,Accessories,Holi Cap,6,347.19,2083.14,Mumbai,Online
INV1906,2024-12-22 22:46:29.189189192,CUST282,Sweets,Gujiya,6,224.43,1346.58,Lucknow,Offline
INV1907,2024-12-23 16:20:10.810810816,CUST208,Water Guns,Large Pichkari,8,134.79,1078.32,Lucknow,Online
INV1908,2024-12-24 09:53:52.432432432,CUST969,Colors,Gulal Red,15,422.03,6330.45,Jaipur,Offline
INV1909,2024-12-25 03:27:34.054054056,CUST383,Colors,Gulal Yellow,14,28.83,403.62,Chennai,Offline
INV1910,2024-12-25 21:01:15.675675680,CUST318,Accessories,Color Spray,11,451.86,4970.46,Lucknow,Offline
INV1911,2024-12-26 14:34:57.297297304,CUST123,Sweets,Ladoo,12,236.12,2833.44,Jaipur,Offline
INV1912,2024-12-27 08:08:38.918918920,CUST330,Accessories,Holi Cap,13,322.23,4188.99,Mumbai,Online
INV1913,2024-12-28 01:42:20.540540544,CUST451,Colors,Gulal Yellow,8,333.08,2664.64,Jaipur,Offline
INV1914,2024-12-28 19:16:02.162162168,CUST987,Colors,Herbal Colors,18,448.61,8074.98,Kolkata,Online
INV1915,2024-12-29 12:49:43.783783784,CUST807,Water Guns,Small Pichkari,1,321.97,321.97,Mumbai,Offline
INV1916,2024-12-30 06:23:25.405405408,CUST293,Accessories,Holi Cap,15,310.83,4662.45,Mumbai,Offline
INV1917,2024-12-30 23:57:07.027027032,CUST657,Sweets,Ladoo,8,42.66,341.28,Lucknow,Online
INV1918,2024-12-31 17:30:48.648648648,CUST568,Water Guns,Large Pichkari,11,264.02,2904.22,Mumbai,Offline
INV1919,2025-01-01 11:04:30.270270272,CUST901,Colors,Herbal Colors,12,83.58,1002.96,Jaipur,Offline
INV1920,2025-01-02 04:38:11.891891896,CUST654,Sweets,Gujiya,12,371.34,4456.08,Lucknow,Offline
INV1921,2025-01-02 22:11:53.513513520,CUST988,Sweets,Gujiya,4,260.99,1043.96,Delhi,Online
INV1922,2025-01-03 15:45:35.135135136,CUST781,Water Guns,Small Pichkari,16,343.31,5492.96,Jaipur,Online
INV1923,2025-01-04 09:19:16.756756760,CUST671,Colors,Herbal Colors,4,30.42,121.68,Mumbai,Online
INV1924,2025-01-05 02:52:58.378378384,CUST452,Sweets,Thandai,5,51.55,257.75,Jaipur,Offline
INV1925,2025-01-05 20:26:40.000000000,CUST332,Accessories,Water Balloons,5,361.0,1805.0,Delhi,Offline
INV1926,2025-01-06 14:00:21.621621624,CUST814,Sweets,Ladoo,8,45.32,362.56,Mumbai,Online
INV1927,2025-01-07 07:34:03.243243248,CUST810,Sweets,Ladoo,10,44.92,449.2,Jaipur,Online
INV1928,2025-01-08 01:07:44.864864864,CUST457,Water Guns,Small Pichkari,17,15.93,270.81,Chennai,Online
INV1929,2025-01-08 18:41:26.486486488,CUST360,Accessories,Holi Cap,9,478.69,4308.21,Mumbai,Offline
INV1930,2025-01-09 12:15:08.108108112,CUST109,Accessories,Water Balloons,19,371.38,7056.22,Kolkata,Offline
INV1931,2025-01-10 05:48:49.729729736,CUST812,Water Guns,Fancy Pichkari,14,183.09,2563.26,Chennai,Online
INV1932,2025-01-10 23:22:31.351351352,CUST407,Water Guns,Fancy Pichkari,8,155.3,1242.4,Jaipur,Offline
INV1933,2025-01-11 16:56:12.972972976,CUST799,Accessories,Color Spray,9,181.35,1632.15,Kolkata,Online
INV1934,2025-01-12 10:29:54.594594600,CUST368,Accessories,Holi Cap,11,389.58,4285.38,Kolkata,Offline
INV1935,2025-01-13 04:03:36.216216216,CUST530,Sweets,Gujiya,1,334.07,334.07,Jaipur,Online
INV1936,2025-01-13 21:37:17.837837840,CUST833,Sweets,Ladoo,14,100.75,1410.5,Kolkata,Offline
INV1937,2025-01-14 15:10:59.459459464,CUST960,Colors,Gulal Yellow,5,95.31,476.55,Lucknow,Offline
INV1938,2025-01-15 08:44:41.081081088,CUST336,Water Guns,Small Pichkari,14,58.21,814.94,Delhi,Online
INV1939,2025-01-16 02:18:22.702702704,CUST675,Accessories,Holi Cap,4,333.55,1334.2,Mumbai,Offline
INV1940,2025-01-16 19:52:04.324324328,CUST946,Accessories,Color Spray,1,384.54,384.54,Mumbai,Online
INV1941,2025-01-17 13:25:45.945945952,CUST472,Colors,Gulal Yellow,19,139.87,2657.53,Delhi,Online
INV1942,2025-01-18 06:59:27.567567568,CUST133,Accessories,Holi Cap,8,20.26,162.08,Chennai,Online
INV1943,2025-01-19 00:33:09.189189192,CUST138,Colors,Gulal Green,15,50.26,753.9,Chennai,Offline
INV1944,2025-01-19 18:06:50.810810816,CUST127,Colors,Herbal Colors,15,484.25,7263.75,Delhi,Offline
INV1945,2025-01-20 11:40:32.432432432,CUST956,Sweets,Thandai,9,154.77,1392.93,Delhi,Online
INV1946,2025-01-21 05:14:14.054054056,CUST135,Water Guns,Large Pichkari,9,386.92,3482.28,Chennai,Offline
INV1947,2025-01-21 22:47:55.675675680,CUST283,Water Guns,Small Pichkari,10,316.09,3160.9,Delhi,Offline
INV1948,2025-01-22 16:21:37.297297304,CUST119,Sweets,Gujiya,9,197.15,1774.35,Delhi,Online
INV1949,2025-01-23 09:55:18.918918920,CUST428,Colors,Gulal Green,3,110.79,332.37,Jaipur,Offline
INV1950,2025-01-24 03:29:00.540540544,CUST700,Water Guns,Small Pichkari,11,69.48,764.28,Jaipur,Offline
INV1951,2025-01-24 21:02:42.162162168,CUST602,Colors,Gulal Red,6,311.36,1868.16,Mumbai,Online
INV1952,2025-01-25 14:36:23.783783784,CUST778,Sweets,Thandai,2,389.57,779.14,Kolkata,Online
INV1953,2025-01-26 08:10:05.405405408,CUST272,Sweets,Ladoo,7,325.51,2278.57,Lucknow,Offline
INV1954,2025-01-27 01:43:47.027027032,CUST955,Colors,Gulal Green,18,269.85,4857.3,Kolkata,Offline
INV1955,2025-01-27 19:17:28.648648648,CUST566,Accessories,Water Balloons,2,30.56,61.12,Lucknow,Online
INV1956,2025-01-28 12:51:10.270270272,CUST205,Colors,Gulal Yellow,17,484.56,8237.52,Chennai,Online
INV1957,2025-01-29 06:24:51.891891896,CUST667,Accessories,Holi Cap,11,401.37,4415.07,Jaipur,Online
INV1958,2025-01-29 23:58:33.513513520,CUST823,Water Guns,Fancy Pichkari,12,153.48,1841.76,Mumbai,Online
INV1959,2025-01-30 17:32:15.135135136,CUST736,Water Guns,Small Pichkari,19,490.19,9313.61,Kolkata,Online
INV1960,2025-01-31 11:05:56.756756760,CUST247,Sweets,Ladoo,7,304.92,2134.44,Chennai,Online
INV1961,2025-02-01 04:39:38.378378384,CUST446,Colors,Herbal Colors,6,295.39,1772.34,Delhi,Online
INV1962,2025-02-01 22:13:20.000000000,CUST345,Accessories,Holi Cap,1,376.56,376.56,Mumbai,Offline
INV1963,2025-02-02 15:47:01.621621624,CUST495,Sweets,Gujiya,17,407.77,6932.09,Delhi,Online
INV1964,2025-02-03 09:20:43.243243248,CUST773,Colors,Herbal Colors,11,331.67,3648.37,Delhi,Online
INV1965,2025-02-04 02:54:24.864864872,CUST659,Accessories,Color Spray,18,72.77,1309.86,Mumbai,Offline
INV1966,2025-02-04 20:28:06.486486488,CUST276,Sweets,Gujiya,17,175.75,2987.75,Chennai,Offline
INV1967,2025-02-05 14:01:48.108108112,CUST400,Sweets,Gujiya,7,464.76,3253.32,Delhi,Online
INV1968,2025-02-06 07:35:29.729729736,CUST897,Sweets,Gujiya,17,120.06,2041.02,Mumbai,Online
INV1969,2025-02-07 01:09:11.351351352,CUST590,Sweets,Gujiya,9,192.36,1731.24,Lucknow,Online
INV1970,2025-02-07 18:42:52.972972976,CUST145,Sweets,Gujiya,17,221.72,3769.24,Mumbai,Offline
INV1971,2025-02-08 12:16:34.594594600,CUST625,Colors,Gulal Red,8,225.31,1802.48,Delhi,Online
INV1972,2025-02-09 05:50:16.216216216,CUST248,Water Guns,Large Pichkari,17,310.34,5275.78,Kolkata,Online
INV1973,2025-02-09 23:23:57.837837840,CUST636,Water Guns,Fancy Pichkari,7,472.11,3304.77,Delhi,Offline
INV1974,2025-02-10 16:57:39.459459464,CUST605,Sweets,Gujiya,1,127.94,127.94,Kolkata,Online
INV1975,2025-02-11 10:31:21.081081088,CUST750,Accessories,Water Balloons,13,69.54,904.02,Lucknow,Offline
INV1976,2025-02-12 04:05:02.702702704,CUST645,Accessories,Holi Cap,19,106.76,2028.44,Lucknow,Online
INV1977,2025-02-12 21:38:44.324324328,CUST674,Water Guns,Small Pichkari,19,444.59,8447.21,Delhi,Online
INV1978,2025-02-13 15:12:25.945945952,CUST177,Colors,Herbal Colors,17,326.45,5549.65,Kolkata,Online
INV1979,2025-02-14 08:46:07.567567568,CUST120,Colors,Gulal Yellow,13,150.09,1951.17,Jaipur,Online
INV1980,2025-02-15 02:19:49.189189192,CUST853,Accessories,Holi Cap,16,409.81,6556.96,Jaipur,Online
INV1981,2025-02-15 19:53:30.810810816,CUST536,Accessories,Holi Cap,8,432.07,3456.56,Jaipur,Online
INV1982,2025-02-16 13:27:12.432432432,CUST735,Sweets,Gujiya,19,424.79,8071.01,Delhi,Online
INV1983,2025-02-17 07:00:54.054054056,CUST838,Colors,Gulal Green,18,460.27,8284.86,Chennai,Online
INV1984,2025-02-18 00:34:35.675675680,CUST903,Colors,Gulal Red,1,133.6,133.6,Lucknow,Offline
INV1985,2025-02-18 18:08:17.297297304,CUST817,Colors,Gulal Green,14,379.97,5319.58,Jaipur,Online
INV1986,2025-02-19 11:41:58.918918920,CUST503,Sweets,Gujiya,19,235.66,4477.54,Lucknow,Online
INV1987,2025-02-20 05:15:40.540540544,CUST440,Accessories,Color Spray,15,422.58,6338.7,Kolkata,Offline
INV1988,2025-02-20 22:49:22.162162168,CUST103,Colors,Gulal Green,18,366.96,6605.28,Mumbai,Offline
INV1989,2025-02-21 16:23:03.783783784,CUST620,Colors,Gulal Red,2,390.46,780.92,Lucknow,Online
INV1990,2025-02-22 09:56:45.405405408,CUST880,Sweets,Ladoo,17,331.52,5635.84,Kolkata,Online
INV1991,2025-02-23 03:30:27.027027032,CUST431,Sweets,Thandai,18,96.94,1744.92,Mumbai,Offline
INV1992,2025-02-23 21:04:08.648648656,CUST845,Accessories,Color Spray,6,277.06,1662.36,Chennai,Online
INV1993,2025-02-24 14:37:50.270270272,CUST873,Colors,Gulal Red,19,492.49,9357.31,Delhi,Online
INV1994,2025-02-25 08:11:31.891891896,CUST564,Colors,Gulal Red,4,469.32,1877.28,Lucknow,Offline
INV1995,2025-02-26 01:45:13.513513520,CUST307,Sweets,Thandai,1,31.16,31.16,Mumbai,Offline
INV1996,2025-02-26 19:18:55.135135136,CUST849,Colors,Gulal Red,8,90.76,726.08,Lucknow,Offline
INV1997,2025-02-27 12:52:36.756756760,CUST463,Colors,Herbal Colors,7,74.55,521.85,Jaipur,Offline
INV1998,2025-02-28 06:26:18.378378384,CUST742,Water Guns,Fancy Pichkari,3,365.73,1097.19,Mumbai,Offline
INV1999,2025-03-01 00:00:00.000000000,CUST743,Sweets,Thandai,10,410.71,4107.1,Kolkata,Online
